repo_latest_006b298cb5_e09c230b658ab994e982-miscpwn-latest-006b298cb5-e09c230b658ab994e982	ed30647c3de1	2026-08-23 22:49:17 +0800 CST	170MB
repo_latest_012c735313_b3c9b3623c667a8b9d28-babyaes-latest-012c735313-b3c9b3623c667a8b9d28	a74fc1883cdb	2026-08-23 23:29:38 +0800 CST	165MB
repo_latest_025cbffb11_6021f6ef2b9004db889d-build-a-builtin-latest-025cbffb11-6021f6ef2b9004db889d	4565c61a32ea	2026-08-23 22:49:36 +0800 CST	165MB
repo_latest_02b797b93a_4a46acf440baa095d02b-forensics200-latest-02b797b93a-4a46acf440baa095d02b	5c395b353410	2026-08-23 23:23:38 +0800 CST	210MB
repo_latest_02f798bfd3_6faa020b6f50eb7d2872-forensics300-latest-02f798bfd3-6faa020b6f50eb7d2872	1ce483170d19	2026-08-23 22:52:34 +0800 CST	210MB
repo_latest_0466e7019e_61d10d5cd65287874439-hypernormal-latest-0466e7019e-61d10d5cd65287874439	72986dc0aaa5	2026-08-23 23:49:45 +0800 CST	165MB
repo_latest_04b757cce2_6119358815dafea92a2f-heapstorm-latest-04b757cce2-6119358815dafea92a2f	fc3c3e458ba8	2026-08-23 23:19:46 +0800 CST	165MB
repo_latest_05ff4dea65_057cc0e1fd6d130d64c2-babysandbox-latest-05ff4dea65-057cc0e1fd6d130d64c2	bbb6984d46f1	2026-08-23 23:53:21 +0800 CST	171MB
repo_latest_0640c078e5_20e520f9a94d08e9b75b-pilot-latest-0640c078e5-20e520f9a94d08e9b75b	af60ff0a1fc1	2026-08-23 23:31:44 +0800 CST	165MB
repo_latest_064dfa1918_79dbaf76c55d65839746-hamul-latest-064dfa1918-79dbaf76c55d65839746	67be0e41016a	2026-08-23 23:28:15 +0800 CST	165MB
repo_latest_07569d6b93_d8961c14c3d959c16353-numbersleuthv1-latest-07569d6b93-d8961c14c3d959c16353	798d00b5a581	2026-08-23 23:21:53 +0800 CST	165MB
repo_latest_079abc0d53_7c91f9110ad4dc6a99bd-babyheap-latest-079abc0d53-7c91f9110ad4dc6a99bd	54181175dd15	2026-08-23 23:52:53 +0800 CST	173MB
repo_latest_08a554ad7f_a7440cd5a02a5214f236-babyheap-latest-08a554ad7f-a7440cd5a02a5214f236	f312aca6a84b	2026-08-23 14:17:24 +0800 CST	169MB
repo_latest_099141c079_132271e2012765a4edc2-filereader-latest-099141c079-132271e2012765a4edc2	66ba8af55701	2026-08-23 23:56:18 +0800 CST	165MB
repo_latest_099c71e789_39edb1a6c132b6e7f97f-zerofs-latest-099c71e789-39edb1a6c132b6e7f97f	c1776925a61b	2026-08-23 23:52:29 +0800 CST	220MB
repo_latest_0a047874cc_bad075a75ea5ac8c8252-forensics300-latest-0a047874cc-bad075a75ea5ac8c8252	6cdaff535631	2026-08-23 23:23:38 +0800 CST	210MB
repo_latest_0a35db8652_a153885f79db2da022e4-factorize-latest-0a35db8652-a153885f79db2da022e4	fdaaeb03aff6	2026-08-23 22:39:07 +0800 CST	165MB
repo_latest_0b26342eaf_1b8bee6990ca02275511-weirdsnus-latest-0b26342eaf-1b8bee6990ca02275511	211b2c4b7f7d	2026-08-23 23:25:41 +0800 CST	165MB
repo_latest_0b66b57489_adac8ebd0100c36b649c-wolf-latest-0b66b57489-adac8ebd0100c36b649c	5f6e56b30927	2026-08-23 23:29:04 +0800 CST	185MB
repo_latest_0bcde0628f_95b14eb3ab6181945b66-inaccessible-latest-0bcde0628f-95b14eb3ab6181945b66	0ecc214d29e1	2026-08-23 22:48:26 +0800 CST	186MB
repo_latest_0f242ee54e_d784fc9c6dda2a489bda-zabbix-latest-0f242ee54e-d784fc9c6dda2a489bda	50fa2448a5e7	2026-08-23 23:15:56 +0800 CST	165MB
repo_latest_0f25a196ac_1a92c4610cd69a62c4c1-pokecollector-latest-0f25a196ac-1a92c4610cd69a62c4c1	f99031261984	2026-08-23 23:14:02 +0800 CST	165MB
repo_latest_11c81ddfe2_c18042990acb10416286-farm-latest-11c81ddfe2-c18042990acb10416286	994c3332d176	2026-08-23 23:49:43 +0800 CST	165MB
repo_latest_1208869d30_5b08e74948157d54a257-numbergame-latest-1208869d30-5b08e74948157d54a257	3ef1c92b7b11	2026-08-23 22:46:53 +0800 CST	165MB
repo_latest_128d273dd7_0870dabbeeb543139aba-rsa3-latest-128d273dd7-0870dabbeeb543139aba	78bd6baaf56a	2026-08-23 23:52:36 +0800 CST	165MB
repo_latest_12a4f26ca6_0d3d3d211125ff4fd85d-subtraction-latest-12a4f26ca6-0d3d3d211125ff4fd85d	a3fcf2327ed8	2026-08-23 23:20:21 +0800 CST	165MB
repo_latest_1536f940de_6cec0cccd2e0e6ad2e29-subtraction-latest-1536f940de-6cec0cccd2e0e6ad2e29	87cf3329a78d	2026-08-23 21:48:36 +0800 CST	165MB
repo_latest_15624046cc_6cf7f1f72caabf09a311-challenge-latest-15624046cc-6cf7f1f72caabf09a311	d30475bad36b	2026-08-23 23:33:31 +0800 CST	165MB
repo_latest_1753b901c7_1bea41c8e01b6e4a0847-chance-latest-1753b901c7-1bea41c8e01b6e4a0847	978cbe09c5d6	2026-08-23 23:26:10 +0800 CST	165MB
repo_latest_1a66e7de20_7b7e5f8386b478cfc88f-future-latest-1a66e7de20-7b7e5f8386b478cfc88f	6670f77798db	2026-08-23 22:38:38 +0800 CST	165MB
repo_latest_1abc73186c_4cb0510094a56f3e540e-cart-blanche-latest-1abc73186c-4cb0510094a56f3e540e	ac000a6b7b65	2026-08-23 23:12:54 +0800 CST	165MB
repo_latest_1e4295ba56_6827150dc066a8baadbb-cloudpass-latest-1e4295ba56-6827150dc066a8baadbb	c9010141101b	2026-08-23 23:54:02 +0800 CST	166MB
repo_latest_1f2ad8661d_4d8f34473421df29f1d0-wah-latest-1f2ad8661d-4d8f34473421df29f1d0	861a0301a358	2026-08-23 22:47:12 +0800 CST	165MB
repo_latest_1f4cff59c6_c02e17cd98df5a532223-listbook-latest-1f4cff59c6-c02e17cd98df5a532223	6e004ce19868	2026-08-23 22:38:38 +0800 CST	170MB
repo_latest_20240e94b1_736ba5186e88671537a4-babyaes-latest-20240e94b1-736ba5186e88671537a4	cabff212c701	2026-08-23 23:53:30 +0800 CST	165MB
repo_latest_20508db599_7459992ffcfb77491587-babyheap-latest-20508db599-7459992ffcfb77491587	a4b1e28ec461	2026-08-23 22:36:50 +0800 CST	173MB
repo_latest_218a67c484_7a6e0c030d09b3077b78-overmybrain-latest-218a67c484-7a6e0c030d09b3077b78	4496aa573c6c	2026-08-23 22:46:37 +0800 CST	165MB
repo_latest_2269a1e0a5_aa2dcbf4b3e329820b6f-yaml-practice-latest-2269a1e0a5-aa2dcbf4b3e329820b6f	47fcebbca17c	2026-08-23 22:49:45 +0800 CST	165MB
repo_latest_229bbc2aec_9e7c31b331dcbbf478ba-babyheap-latest-229bbc2aec-9e7c31b331dcbbf478ba	01a3a63c21d2	2026-08-23 13:58:03 +0800 CST	169MB
repo_latest_239176de75_ef0ec6aefc56f0d3c788-babysandbox-latest-239176de75-ef0ec6aefc56f0d3c788	61d8e42956f4	2026-08-23 23:03:26 +0800 CST	171MB
repo_latest_23f4e52a1d_f46f90255702e558bfe8-scanner-latest-23f4e52a1d-f46f90255702e558bfe8	ff34020f4112	2026-08-23 23:53:47 +0800 CST	170MB
repo_latest_2528b457a9_2967a30806e7a243c70a-fourninesix-latest-2528b457a9-2967a30806e7a243c70a	059fd6ea45a7	2026-08-23 23:26:19 +0800 CST	165MB
repo_latest_258be7b96a_843a3411c65b23774493-findthekey-latest-258be7b96a-843a3411c65b23774493	d956f8b924f0	2026-08-23 22:40:42 +0800 CST	165MB
repo_latest_268f7ced4a_40a509c3307ec8a3dd02-bin300-latest-268f7ced4a-40a509c3307ec8a3dd02	bed017988fa8	2026-08-23 23:24:06 +0800 CST	165MB
repo_latest_26d5a0cdaf_2b206f8b2f19d185618c-wah-latest-26d5a0cdaf-2b206f8b2f19d185618c	e88a4ad51bda	2026-08-23 23:10:30 +0800 CST	165MB
repo_latest_286a7b250d_820e5c2281badcefe054-forensics200-latest-286a7b250d-820e5c2281badcefe054	68a4fbdfd03b	2026-08-23 22:52:34 +0800 CST	210MB
repo_latest_287ded7f0d_b29db0f063b456d43056-lower-latest-287ded7f0d-b29db0f063b456d43056	6c5fa993914a	2026-08-23 23:28:35 +0800 CST	165MB
repo_latest_28c3d06fc4_0b196b45a68b520b32a7-zerotask-latest-28c3d06fc4-0b196b45a68b520b32a7	ad2ca6f9da08	2026-08-23 22:38:38 +0800 CST	176MB
repo_latest_2ac248bb62_ea791b7ce1795f51e98b-ret2system-latest-2ac248bb62-ea791b7ce1795f51e98b	cb42e2917df6	2026-08-23 22:42:04 +0800 CST	165MB
repo_latest_2b3e462305_fe8e794776ff7efc8e6f-filereader-latest-2b3e462305-fe8e794776ff7efc8e6f	cc357a5bbaf4	2026-08-23 23:04:45 +0800 CST	165MB
repo_latest_2c63a69f07_3fd582b9146658ed5c4c-babypad-latest-2c63a69f07-3fd582b9146658ed5c4c	dfbe9596ef0a	2026-08-23 23:26:45 +0800 CST	165MB
repo_latest_2d3e05e550_ab166ae23f974c8706c5-cloudpass-latest-2d3e05e550-ab166ae23f974c8706c5	c0a112c4fa6a	2026-08-23 22:38:38 +0800 CST	166MB
repo_latest_2dd02a041f_bfa954281dc8d9ae4515-subtraction-latest-2dd02a041f-bfa954281dc8d9ae4515	d894a165c2b7	2026-08-23 20:24:09 +0800 CST	165MB
repo_latest_2fd5d50f25_2deb2eadc3304874ac0e-build-a-builtin-latest-2fd5d50f25-2deb2eadc3304874ac0e	3ed68ebd176a	2026-08-23 23:11:16 +0800 CST	165MB
repo_latest_30a3541bdc_f67b9b6fdfe283b80cd0-babyaegis-latest-30a3541bdc-f67b9b6fdfe283b80cd0	b58a36dab07d	2026-08-23 22:36:50 +0800 CST	173MB
repo_latest_311b5ff7d9_beb4109339edcf7355e5-babyheap2018-latest-311b5ff7d9-beb4109339edcf7355e5	096a84a4a0da	2026-08-23 23:01:08 +0800 CST	169MB
repo_latest_3403f7ad0e_4315ef99e08991ab3d27-w-latest-3403f7ad0e-4315ef99e08991ab3d27	ec1fe7a35c2f	2026-08-23 23:15:48 +0800 CST	165MB
repo_latest_34636112b8_54b133e876380b57f43f-easyheap-latest-34636112b8-54b133e876380b57f43f	03524f0a1186	2026-08-23 16:05:07 +0800 CST	165MB
repo_latest_34f602ded4_6790c2c5555e078fafad-babyrsa-latest-34f602ded4-6790c2c5555e078fafad	74cdcc4b15dd	2026-08-23 23:53:12 +0800 CST	165MB
repo_latest_3537574390_28ecaacd83cff2cc6a9f-easiestprintf-latest-3537574390-28ecaacd83cff2cc6a9f	16103f26d190	2026-08-23 23:20:21 +0800 CST	165MB
repo_latest_355ce5bbb4_9cf66b9ef96641ecacae-helpcenter-latest-355ce5bbb4-9cf66b9ef96641ecacae	64241b0e73fd	2026-08-23 23:06:59 +0800 CST	165MB
repo_latest_357a0628c5_d9f4c4a5e616979e5ea2-character-latest-357a0628c5-d9f4c4a5e616979e5ea2	c5990fb54af5	2026-08-23 23:16:15 +0800 CST	165MB
repo_latest_35b12be9ca_8224928f2412d069fb01-binary400-latest-35b12be9ca-8224928f2412d069fb01	cb65ae680d39	2026-08-23 22:52:13 +0800 CST	165MB
repo_latest_360bd72344_779bb8953f65df099f5e-domath-latest-360bd72344-779bb8953f65df099f5e	214173c7dfdc	2026-08-23 23:20:05 +0800 CST	165MB
repo_latest_363755636a_256593db312b5b5616b0-babyheap-latest-363755636a-256593db312b5b5616b0	2e8ff6d2c307	2026-08-23 15:26:35 +0800 CST	169MB
repo_latest_36521d1ae9_7e025daa124e84416944-crypto500-latest-36521d1ae9-7e025daa124e84416944	faaadca65086	2026-08-23 22:52:33 +0800 CST	165MB
repo_latest_389c6f1b9e_3f33166a207b47982590-backpack-latest-389c6f1b9e-3f33166a207b47982590	ab0ab3476cd0	2026-08-23 23:29:39 +0800 CST	165MB
repo_latest_39b054623c_9507d40bc03bb5a3296c-bin500-latest-39b054623c-9507d40bc03bb5a3296c	7d69be386126	2026-08-23 23:24:19 +0800 CST	165MB
repo_latest_3a3d48a0c1_adeabe964fbb731a192c-lower-latest-3a3d48a0c1-adeabe964fbb731a192c	be2e4932a34b	2026-08-23 23:51:49 +0800 CST	165MB
repo_latest_3add48e68d_8320eec817f54ea7f8fb-forgot-latest-3add48e68d-8320eec817f54ea7f8fb	b776fb59ac79	2026-08-23 22:49:08 +0800 CST	165MB
repo_latest_3b35894849_1d002c41ad03cb33e10d-transmutation-latest-3b35894849-1d002c41ad03cb33e10d	af99168b70b6	2026-08-23 23:11:17 +0800 CST	170MB
repo_latest_3bd3aae4c7_abde4c5f5c5fd3da5e03-pyjail-latest-3bd3aae4c7-abde4c5f5c5fd3da5e03	9efd8b5fc1a1	2026-08-23 23:04:45 +0800 CST	165MB
repo_latest_404d9850c5_c9067992eeb7ee3faee6-reallyobnoxiousproblem-latest-404d9850c5-c9067992eeb7ee3faee6	9498403685d4	2026-08-23 22:47:03 +0800 CST	165MB
repo_latest_406fad1c93_29aaa27cae0e9d3335ec-aresa-latest-406fad1c93-29aaa27cae0e9d3335ec	5e5120a0bfb9	2026-08-23 23:20:05 +0800 CST	165MB
repo_latest_416182e923_f6e2096d0c2b225c99db-subtraction-latest-416182e923-f6e2096d0c2b225c99db	30bac77f76b8	2026-08-23 21:15:55 +0800 CST	165MB
repo_latest_41c3d389f9_87b4f2fcbc83e8e120e7-forensics400-latest-41c3d389f9-87b4f2fcbc83e8e120e7	8101f6668404	2026-08-23 23:23:51 +0800 CST	179MB
repo_latest_437830bf39_cba151df3a1b0d132729-tss2-latest-437830bf39-cba151df3a1b0d132729	01441a458b03	2026-08-23 22:48:15 +0800 CST	165MB
repo_latest_4452de50c8_f3a302b9f5f063cc5582-dorsa-latest-4452de50c8-f3a302b9f5f063cc5582	852440d737be	2026-08-23 23:27:40 +0800 CST	165MB
repo_latest_447801b317_59cc33f65b9ccdce67ed-subtraction-latest-447801b317-59cc33f65b9ccdce67ed	531e24f71491	2026-08-23 15:53:45 +0800 CST	165MB
repo_latest_45d824edf3_fe600eba9e8219d5dc98-improved-latest-45d824edf3-fe600eba9e8219d5dc98	6a8585d9201f	2026-08-23 23:28:24 +0800 CST	165MB
repo_latest_47a6209d97_b6ed7c7ef720167aed6b-listbook-latest-47a6209d97-b6ed7c7ef720167aed6b	cc9a72742040	2026-08-23 23:54:35 +0800 CST	170MB
repo_latest_47c3db7393_c56753173906b1ef2450-babysandbox-latest-47c3db7393-c56753173906b1ef2450	3630e82c4ea8	2026-08-23 22:36:49 +0800 CST	171MB
repo_latest_486a29ddd5_734860859bd3f2deb0e5-babyheap2018-latest-486a29ddd5-734860859bd3f2deb0e5	f6d0f925620d	2026-08-23 23:20:21 +0800 CST	169MB
repo_latest_4ab72d8b71_38faa70fc418f2ed2323-staple-aes-latest-4ab72d8b71-38faa70fc418f2ed2323	206e11706558	2026-08-23 22:39:49 +0800 CST	165MB
repo_latest_4bfccf2370_9e8c637dfe3341318a12-scv-latest-4bfccf2370-9e8c637dfe3341318a12	1322bbfadbe8	2026-08-23 23:31:53 +0800 CST	172MB
repo_latest_4f7680bbf5_893159c2f8ac6919f8c3-reallyobnoxiousproblem-latest-4f7680bbf5-893159c2f8ac6919f8c3	223af6a2a19f	2026-08-23 23:10:19 +0800 CST	165MB
repo_latest_4ff983c8b5_9848cad0e791212cb1d5-challenge-latest-4ff983c8b5-9848cad0e791212cb1d5	4ec5e70be311	2026-08-23 23:24:45 +0800 CST	165MB
repo_latest_53311a281c_9c4665f0734da9699f98-flropyd-latest-53311a281c-9c4665f0734da9699f98	b696937b26d0	2026-08-23 23:03:26 +0800 CST	165MB
repo_latest_581d340b95_3079dca855548742fb56-casino-latest-581d340b95-3079dca855548742fb56	2df740684df1	2026-08-23 22:44:24 +0800 CST	165MB
repo_latest_583b57b1aa_406cab3acc332cbfc232-bigrabin-latest-583b57b1aa-406cab3acc332cbfc232	2b6505d7ab85	2026-08-23 23:29:00 +0800 CST	165MB
repo_latest_5860fa12a4_e4cdd9cbcad0521b2f01-babyaegis-latest-5860fa12a4-e4cdd9cbcad0521b2f01	be882f96ceb1	2026-08-23 23:02:25 +0800 CST	173MB
repo_latest_58838d040d_9229715f3e5d0e8a09b6-dodosandbox-latest-58838d040d-9229715f3e5d0e8a09b6	ede3930d8abc	2026-08-23 23:25:28 +0800 CST	165MB
repo_latest_5889c8fdd8_a06cf30005335a6e7971-overmybrain-latest-5889c8fdd8-a06cf30005335a6e7971	780f72145acb	2026-08-23 23:09:37 +0800 CST	165MB
repo_latest_58e43ca941_99a3701e3958644a4355-scanner-latest-58e43ca941-99a3701e3958644a4355	f4ff9d7e1928	2026-08-23 23:14:40 +0800 CST	170MB
repo_latest_5a362f9077_9798dc76ac46610c9a92-blackhole-latest-5a362f9077-9798dc76ac46610c9a92	1c6e3042ed6b	2026-08-23 23:01:08 +0800 CST	172MB
repo_latest_5c8b438f76_a428e95f088993dff04c-bin100-latest-5c8b438f76-a428e95f088993dff04c	de9de84c7dbf	2026-08-23 23:24:05 +0800 CST	165MB
repo_latest_5d22473a96_846b7a7ab4f5b722f06c-twitchplayspwnable-latest-5d22473a96-846b7a7ab4f5b722f06c	553124f286bb	2026-08-23 23:59:35 +0800 CST	165MB
repo_latest_5dcaa3aa5e_68ebf25770ad015982f4-easiestprintf-latest-5dcaa3aa5e-68ebf25770ad015982f4	17f318b4a51c	2026-08-23 23:52:20 +0800 CST	165MB
repo_latest_5f0d0f7ed5_e01eef7e4693892095fe-chronological-latest-5f0d0f7ed5-e01eef7e4693892095fe	6787d8b28f13	2026-08-23 23:25:15 +0800 CST	167MB
repo_latest_5f3e0c0eab_ced9ffc33ad7195785cb-clueless-latest-5f3e0c0eab-ced9ffc33ad7195785cb	3264dbde287d	2026-08-23 23:21:41 +0800 CST	165MB
repo_latest_61277d995a_213331adc486dde5f60d-forensics400-latest-61277d995a-213331adc486dde5f60d	2aa144566ede	2026-08-23 22:52:42 +0800 CST	179MB
repo_latest_6391ff00d9_4ac44daecfab0167e02d-wallet-latest-6391ff00d9-4ac44daecfab0167e02d	899966a7873b	2026-08-23 22:40:00 +0800 CST	165MB
repo_latest_63bbd354ae_5243b1ee74f0557c49f5-pilot-latest-63bbd354ae-5243b1ee74f0557c49f5	36ef40c602d4	2026-08-23 23:57:28 +0800 CST	165MB
repo_latest_63cc5e1639_e453b62f1be8132bac5e-encoding-latest-63cc5e1639-e453b62f1be8132bac5e	bd3ab0dddc36	2026-08-23 22:48:26 +0800 CST	170MB
repo_latest_6486c5b006_c592f9a5c35d22d3fe73-securerepititions-latest-6486c5b006-c592f9a5c35d22d3fe73	852f7115a306	2026-08-23 23:22:20 +0800 CST	165MB
repo_latest_64b5018aa0_ae1e652ef5363414e12c-frozen-latest-64b5018aa0-ae1e652ef5363414e12c	6d021351d29e	2026-08-23 23:49:44 +0800 CST	165MB
repo_latest_64d4cd2fa0_8f9eb9b97396f77dd360-plang-latest-64d4cd2fa0-8f9eb9b97396f77dd360	4f220ceba1ec	2026-08-23 23:03:26 +0800 CST	170MB
repo_latest_64d76f3377_0411edaaebbb147fa729-philosophy-latest-64d76f3377-0411edaaebbb147fa729	af9a442f8bd1	2026-08-23 22:47:47 +0800 CST	165MB
repo_latest_65fb3bc12a_1be8c3bc661c362bad70-babyrsa-latest-65fb3bc12a-1be8c3bc661c362bad70	9840bc9ac117	2026-08-23 20:07:10 +0800 CST	165MB
repo_latest_67c2be325b_e574235a436992d9c3cc-blackhole-latest-67c2be325b-e574235a436992d9c3cc	fd56b3b523f1	2026-08-23 23:20:21 +0800 CST	172MB
repo_latest_68905b89f8_8d168ae8a6a7da1551f2-smolweb-latest-68905b89f8-8d168ae8a6a7da1551f2	935fe41f9035	2026-08-23 23:05:46 +0800 CST	165MB
repo_latest_6b409a8b8b_120c692c33b969e852c3-wallet-latest-6b409a8b8b-120c692c33b969e852c3	419bea97603a	2026-08-23 23:59:25 +0800 CST	165MB
repo_latest_6b993ee8d7_ad868929c63ba501647b-babysandbox-latest-6b993ee8d7-ad868929c63ba501647b	9a2555c779e4	2026-08-23 23:11:16 +0800 CST	171MB
repo_latest_6c983d6e26_6b40c2c17763ace9c724-crypto500-latest-6c983d6e26-6b40c2c17763ace9c724	e56efca46dc3	2026-08-23 23:23:38 +0800 CST	165MB
repo_latest_6de23854d5_6050982770c2f78ab94f-binary500-latest-6de23854d5-6050982770c2f78ab94f	b81edbe3dbf5	2026-08-23 23:23:27 +0800 CST	165MB
repo_latest_6e3ce92c5b_037071f4efd939fa5e43-casino-latest-6e3ce92c5b-037071f4efd939fa5e43	7a269fbe3109	2026-08-23 22:42:48 +0800 CST	165MB
repo_latest_6f57450061_2da9286c729d67d5bc5c-frng-latest-6f57450061-2da9286c729d67d5bc5c	20c07ddb974f	2026-08-23 23:21:52 +0800 CST	165MB
repo_latest_6f582ddd43_0c3721e62ceef3c6f239-twitchplayspwnable-latest-6f582ddd43-0c3721e62ceef3c6f239	59f134d21569	2026-08-23 23:32:11 +0800 CST	165MB
repo_latest_70192dbfc3_7afdf6d7eb11f070df17-babytcache-latest-70192dbfc3-7afdf6d7eb11f070df17	9011e68028a0	2026-08-23 22:48:53 +0800 CST	170MB
repo_latest_7029b605b4_5dd189170db6705aa391-bin200-latest-7029b605b4-5dd189170db6705aa391	291879537213	2026-08-23 23:24:06 +0800 CST	165MB
repo_latest_71c0a6211e_0be2510912a8e75c8f27-bugxxor-latest-71c0a6211e-0be2510912a8e75c8f27	bde9b1d03157	2026-08-23 22:49:45 +0800 CST	165MB
repo_latest_71c60f5e47_3cda7a3f3a9e4c638ac0-picochip2-latest-71c60f5e47-3cda7a3f3a9e4c638ac0	f59c31247e04	2026-08-23 23:30:14 +0800 CST	165MB
repo_latest_728a0538fb_473c01ff1963f69654cc-vuln100-latest-728a0538fb-473c01ff1963f69654cc	0aaeb129c1fd	2026-08-23 23:24:59 +0800 CST	174MB
repo_latest_72a9adc929_e5ba742e322346c41f71-frozen-latest-72a9adc929-e5ba742e322346c41f71	f0c59cc41144	2026-08-23 23:28:06 +0800 CST	165MB
repo_latest_730b4ca7b5_ace5ba998891eb3acf55-fractionalflag-latest-730b4ca7b5-ace5ba998891eb3acf55	2611fd680c3d	2026-08-23 23:53:48 +0800 CST	165MB
repo_latest_73a3cfc5db_d6a06a17620c147b3dbc-tale-latest-73a3cfc5db-d6a06a17620c147b3dbc	e4a5294001e0	2026-08-23 23:52:36 +0800 CST	165MB
repo_latest_74bf67e4a8_b474c37a658f78216024-zer0lfsr-latest-74bf67e4a8-b474c37a658f78216024	b858d88623e2	2026-08-23 23:03:59 +0800 CST	165MB
repo_latest_75607e936e_8e2cc5aec97dfaaa3fc5-zerotask-latest-75607e936e-8e2cc5aec97dfaaa3fc5	86d161a5d931	2026-08-23 23:16:26 +0800 CST	176MB
repo_latest_757aabb88b_564c4064383ffbb8a58c-zone-latest-757aabb88b-564c4064383ffbb8a58c	39f2b87a4fa2	2026-08-23 23:59:44 +0800 CST	165MB
repo_latest_7649639009_6620ac29702cc6fdd699-vp-latest-7649639009-6620ac29702cc6fdd699	c3863bbe721a	2026-08-23 23:03:58 +0800 CST	165MB
repo_latest_772d50048f_63f171e6a80936619cf2-findthekey-latest-772d50048f-63f171e6a80936619cf2	cec1c9bc1378	2026-08-23 23:05:53 +0800 CST	165MB
repo_latest_77b6a8dd47_80027348ad187af35d32-babyheap-latest-77b6a8dd47-80027348ad187af35d32	94ac274baaa9	2026-08-23 23:01:08 +0800 CST	169MB
repo_latest_78c88cfdbe_7934ebc25b60c3696608-rsa3-latest-78c88cfdbe-7934ebc25b60c3696608	f1ed06f82b17	2026-08-23 23:29:11 +0800 CST	165MB
repo_latest_791d6fe2f2_a1191ea87608972b8fc6-proxy-latest-791d6fe2f2-a1191ea87608972b8fc6	d965b226dafc	2026-08-23 22:40:53 +0800 CST	165MB
repo_latest_794a0a2206_c2febdeeca9ae568ee83-pyjail-latest-794a0a2206-c2febdeeca9ae568ee83	35af8d0dd52f	2026-08-23 23:57:35 +0800 CST	165MB
repo_latest_79de2a4e41_acd34acd38000ce5e398-challenge-latest-79de2a4e41-acd34acd38000ce5e398	7292c707eaf7	2026-08-23 23:24:55 +0800 CST	588MB
repo_latest_7ae4b77cce_d9e43b307539c01feb0b-subtraction-latest-7ae4b77cce-d9e43b307539c01feb0b	275d4be5178d	2026-08-23 23:19:46 +0800 CST	165MB
repo_latest_7eb96545b4_d912f70b93829417148c-far-latest-7eb96545b4-d912f70b93829417148c	47a5514c5a38	2026-08-23 22:50:12 +0800 CST	165MB
repo_latest_8015d5eb28_0490fc2548e4bce98313-binary300-latest-8015d5eb28-0490fc2548e4bce98313	3cf9f54d7fd3	2026-08-23 22:52:04 +0800 CST	165MB
repo_latest_8395bd82a3_404a3a131e821600ccec-hamul-latest-8395bd82a3-404a3a131e821600ccec	713469b19dcf	2026-08-23 23:49:45 +0800 CST	165MB
repo_latest_84face5a95_ea9b0022d6d658583a1c-multiplied-latest-84face5a95-ea9b0022d6d658583a1c	1d0ae6518d01	2026-08-23 23:20:35 +0800 CST	165MB
repo_latest_851099d774_03d81cb2ea8ac249c223-rev1-latest-851099d774-03d81cb2ea8ac249c223	e8ed40739f27	2026-08-23 23:08:44 +0800 CST	167MB
repo_latest_8574fdb62c_aef07709570d58b2ccf6-transmutation-latest-8574fdb62c-aef07709570d58b2ccf6	96c8ac210226	2026-08-23 22:49:45 +0800 CST	170MB
repo_latest_86877afc2e_869e499426a6bdb290a7-friedrice-latest-86877afc2e-869e499426a6bdb290a7	e8f81cc78a13	2026-08-23 23:26:19 +0800 CST	165MB
repo_latest_8707461dba_12bb47b52071378fa82b-shjail-latest-8707461dba-12bb47b52071378fa82b	e91e651c643d	2026-08-23 23:05:11 +0800 CST	165MB
repo_latest_8948ef5854_e93e875682666c33775d-challenge-latest-8948ef5854-e93e875682666c33775d	4351141f14d0	2026-08-23 23:21:27 +0800 CST	165MB
repo_latest_89e160efa1_ba0077dfe54c2ca52353-exam-latest-89e160efa1-ba0077dfe54c2ca52353	4687d980a32a	2026-08-23 22:47:30 +0800 CST	165MB
repo_latest_8e1a5f9745_a83cf0d97496d906b5ab-filereader-latest-8e1a5f9745-a83cf0d97496d906b5ab	35fdfae38805	2026-08-23 22:39:07 +0800 CST	165MB
repo_latest_8e2646fa28_3262a71aaac3b43e7fb7-babyheap-latest-8e2646fa28-3262a71aaac3b43e7fb7	4a028bb908a0	2026-08-23 19:59:24 +0800 CST	169MB
repo_latest_9135ae3e9b_662ae7ad9db048e7feed-pokecollector-latest-9135ae3e9b-662ae7ad9db048e7feed	aede3feee9c2	2026-08-23 22:50:39 +0800 CST	165MB
repo_latest_93eaaecf4a_2cce24b1c64efb9d7e5c-rsa2-latest-93eaaecf4a-2cce24b1c64efb9d7e5c	4203c463d45f	2026-08-23 23:52:36 +0800 CST	165MB
repo_latest_945f47dda8_159265563ac5fbb3eeac-freenote2018-latest-945f47dda8-159265563ac5fbb3eeac	c0daa2a1912e	2026-08-23 23:01:08 +0800 CST	169MB
repo_latest_94df5c8c9b_dfb10b97425df3e0628f-chainofrope-latest-94df5c8c9b-dfb10b97425df3e0628f	3dc8fb00e46f	2026-08-23 22:45:59 +0800 CST	165MB
repo_latest_9752933ed2_da38518920eaee8e940e-tinyecc-latest-9752933ed2-da38518920eaee8e940e	e7d4c45cf1e8	2026-08-23 23:51:56 +0800 CST	165MB
repo_latest_98e38d36c4_bf7402f21357a1c4f0e8-retschool-latest-98e38d36c4-bf7402f21357a1c4f0e8	aa22229bff78	2026-08-23 23:30:33 +0800 CST	170MB
repo_latest_9998258c33_670bd90d653885f661d8-freenote2018-latest-9998258c33-670bd90d653885f661d8	1fb574c21a24	2026-08-23 23:19:46 +0800 CST	169MB
repo_latest_99b855bfb6_d0ad5a8fe14af7cfc444-subtraction-latest-99b855bfb6-d0ad5a8fe14af7cfc444	15abf7d7fac3	2026-08-23 20:46:34 +0800 CST	165MB
repo_latest_9c221e95ca_92488c875d3a8ea5a853-bin400-latest-9c221e95ca-92488c875d3a8ea5a853	01c2dd8095c9	2026-08-23 23:24:19 +0800 CST	165MB
repo_latest_9ce81bd335_8e6dfc3be54c149a8974-heapstorm-latest-9ce81bd335-8e6dfc3be54c149a8974	ab6548207287	2026-08-23 23:20:21 +0800 CST	165MB
repo_latest_9eca4a0339_b3b8230652c01b1308de-rima-latest-9eca4a0339-b3b8230652c01b1308de	9fd14082e809	2026-08-23 23:28:35 +0800 CST	165MB
repo_latest_a0b529c7be_e7aaa7d3e0f528f2d9d5-zer0lfsr-latest-a0b529c7be-e7aaa7d3e0f528f2d9d5	2a90543f90d8	2026-08-23 23:55:04 +0800 CST	165MB
repo_latest_a2473329dd_b3fa9815dd03e700182b-fibinary-latest-a2473329dd-b3fa9815dd03e700182b	5064dfcd6809	2026-08-23 23:26:19 +0800 CST	165MB
repo_latest_a26661c635_b15b7c6575c61a521998-rsa2-latest-a26661c635-b15b7c6575c61a521998	53e32f4683bd	2026-08-23 23:29:02 +0800 CST	165MB
repo_latest_a31125e62a_dd8422b146106f863f27-easiestprintf-latest-a31125e62a-dd8422b146106f863f27	562106b95d5a	2026-08-23 23:19:46 +0800 CST	165MB
repo_latest_a3a1acdd06_124a51471b1d4eb64f06-numbergame-latest-a3a1acdd06-124a51471b1d4eb64f06	7901ca59dcbb	2026-08-23 23:10:11 +0800 CST	165MB
repo_latest_a3d395c371_8afdad6330943bca5a62-lcg-latest-a3d395c371-8afdad6330943bca5a62	7395c421ce22	2026-08-23 23:26:21 +0800 CST	165MB
repo_latest_a5f6a17995_93a8f647c6ca9e09c46c-babyaegis-latest-a5f6a17995-93a8f647c6ca9e09c46c	49dc65c3f949	2026-08-23 23:52:28 +0800 CST	173MB
repo_latest_a64b8c9409_7e0fd1ba8ef4270a9cc5-basilisk64-latest-a64b8c9409-7e0fd1ba8ef4270a9cc5	82904da7c8eb	2026-08-23 23:22:33 +0800 CST	165MB
repo_latest_a72c1d167c_56d496fdf3e24b062a42-cvv-latest-a72c1d167c-56d496fdf3e24b062a42	d7b7f1dcbb5c	2026-08-23 23:56:56 +0800 CST	185MB
repo_latest_a88d8b103c_540f44c5f23c6d917625-bap-latest-a88d8b103c-540f44c5f23c6d917625	62da44845236	2026-08-23 22:47:30 +0800 CST	170MB
repo_latest_a8b130d1a9_d53ecfc8f799be443fd3-babyheapbackdoorctf-latest-a8b130d1a9-d53ecfc8f799be443fd3	9986231d5622	2026-08-23 22:48:53 +0800 CST	169MB
repo_latest_a8c90da521_78aaf614fa2a95d80f42-squarecipher-latest-a8c90da521-78aaf614fa2a95d80f42	9626a224e7b3	2026-08-23 23:16:23 +0800 CST	165MB
repo_latest_a94a8526ff_fc63b837a659a9e08eb2-themectl-latest-a94a8526ff-fc63b837a659a9e08eb2	22f63ff6c9b5	2026-08-23 22:47:59 +0800 CST	171MB
repo_latest_aa023f6090_88bd8fad2f3015bce2c6-far-latest-aa023f6090-88bd8fad2f3015bce2c6	eb666247060e	2026-08-23 23:13:33 +0800 CST	165MB
repo_latest_aa5dafa586_d7871351c3c7613e377b-babyrsa-latest-aa5dafa586-d7871351c3c7613e377b	6fc5af92b089	2026-08-23 20:11:09 +0800 CST	165MB
repo_latest_aab0f6adb9_0caad85d40457676fb9f-staple-aes-latest-aab0f6adb9-0caad85d40457676fb9f	67d14b2e9007	2026-08-23 23:59:16 +0800 CST	165MB
repo_latest_acac82bb0d_a7987a348a7cdba536df-whatsmyname-latest-acac82bb0d-a7987a348a7cdba536df	de3525299afc	2026-08-23 22:47:12 +0800 CST	165MB
repo_latest_accd9d8e4a_567560a4a1c83a220e09-zerofs-latest-accd9d8e4a-567560a4a1c83a220e09	c4766c21cac7	2026-08-23 22:36:50 +0800 CST	220MB
repo_latest_adf7dfa805_3e360508a4675a8f1a98-numbersleuthv2-latest-adf7dfa805-3e360508a4675a8f1a98	53067aebe1ca	2026-08-23 23:22:05 +0800 CST	165MB
repo_latest_ae31c057b4_1586a24954fe4ac8f5d3-vp-latest-ae31c057b4-1586a24954fe4ac8f5d3	69dfdf8ffa89	2026-08-23 22:38:38 +0800 CST	165MB
repo_latest_ae7909c1d3_d060a89835e149488e73-hypernormal-latest-ae7909c1d3-d060a89835e149488e73	44efafc9e75e	2026-08-23 23:28:15 +0800 CST	165MB
repo_latest_ae7ceb6aaf_ff61004caf78dd156684-elegant-latest-ae7ceb6aaf-ff61004caf78dd156684	e5c66e6e0a31	2026-08-23 23:27:56 +0800 CST	165MB
repo_latest_b06a2eb721_61ea9d8e7e8a40592f1b-numbersleuthv3-latest-b06a2eb721-61ea9d8e7e8a40592f1b	28b5f8ed9357	2026-08-23 23:22:07 +0800 CST	165MB
repo_latest_b0cadb86ea_e27cc12b0ac5be630ee7-cart-blanche-latest-b0cadb86ea-e27cc12b0ac5be630ee7	7ac181b897a3	2026-08-23 22:50:11 +0800 CST	165MB
repo_latest_b190ba4c14_45f9cbde2211116edd31-helpcenter-latest-b190ba4c14-45f9cbde2211116edd31	981f472b1baa	2026-08-23 22:43:31 +0800 CST	165MB
repo_latest_b429bdd0b4_2e7fe786d94d193ae080-triplet-latest-b429bdd0b4-2e7fe786d94d193ae080	f753cbef6aee	2026-08-23 23:28:44 +0800 CST	165MB
repo_latest_b452cbd7d8_f26f8c3e09c1bfbadd7b-maya-latest-b452cbd7d8-f26f8c3e09c1bfbadd7b	04df3f15b936	2026-08-23 22:40:42 +0800 CST	165MB
repo_latest_b46d87698a_3ef5db3bd3327f4158ca-triplet-latest-b46d87698a-3ef5db3bd3327f4158ca	cabd758cc321	2026-08-23 23:52:19 +0800 CST	165MB
repo_latest_b5c8055e72_2f71ff09aca32a2ef7b5-challenge-latest-b5c8055e72-2f71ff09aca32a2ef7b5	0e03eafdd137	2026-08-23 22:40:27 +0800 CST	165MB
repo_latest_b638faa68e_a7e866d9f4c99977eaae-babyheap2018-latest-b638faa68e-a7e866d9f4c99977eaae	c5087a9496df	2026-08-23 23:19:46 +0800 CST	169MB
repo_latest_b6a5a2f98b_8c6fdec80ea8ef7faed4-auir-latest-b6a5a2f98b-8c6fdec80ea8ef7faed4	709e4adda7b3	2026-08-23 23:31:07 +0800 CST	169MB
repo_latest_b8c828efb2_765b8a3cbf5f8089c9bd-dorsa-latest-b8c828efb2-765b8a3cbf5f8089c9bd	53f5aed53eb7	2026-08-23 23:49:43 +0800 CST	165MB
repo_latest_bb4631018a_29d0f36c07f216a482c8-babyrand-latest-bb4631018a-29d0f36c07f216a482c8	ad8fab6091ea	2026-08-23 23:25:41 +0800 CST	165MB
repo_latest_beb894c5b2_2c0274184f8e27ba7658-scv-latest-beb894c5b2-2c0274184f8e27ba7658	c15b4ebfa0e0	2026-08-23 23:58:39 +0800 CST	172MB
repo_latest_bebe750fe6_1c837de464609b2a3ae9-blackhole-latest-bebe750fe6-1c837de464609b2a3ae9	fcfc325b49d9	2026-08-23 23:19:46 +0800 CST	172MB
repo_latest_c0f4341cfa_5a0bdad1d317120e4324-improved-latest-c0f4341cfa-5a0bdad1d317120e4324	e1381d24d7c0	2026-08-23 23:51:49 +0800 CST	165MB
repo_latest_c1dd7ccbfd_963580c5d4ea0f76bcfd-soul-latest-c1dd7ccbfd-963580c5d4ea0f76bcfd	ca13021d6390	2026-08-23 22:39:34 +0800 CST	165MB
repo_latest_c25c175a77_db2f758a63c38908662b-zer0lfsr-latest-c25c175a77-db2f758a63c38908662b	c67f64661bbd	2026-08-23 22:38:54 +0800 CST	165MB
repo_latest_c36b7b5fe8_422083eaf203df3f569a-farm-latest-c36b7b5fe8-422083eaf203df3f569a	c5e786bc2009	2026-08-23 23:28:06 +0800 CST	165MB
repo_latest_c54e9f7787_3515a366969b6ba0f78d-factorize-latest-c54e9f7787-3515a366969b6ba0f78d	be2cb49f91c7	2026-08-23 23:56:18 +0800 CST	165MB
repo_latest_c562ca3c1d_5356ae8404e0c9726770-team-latest-c562ca3c1d-5356ae8404e0c9726770	a248c71b72c3	2026-08-23 22:49:19 +0800 CST	165MB
repo_latest_c6efa9a6c9_381385e6af6fc60082b9-cvv-latest-c6efa9a6c9-381385e6af6fc60082b9	52b3585d87ae	2026-08-23 23:31:25 +0800 CST	185MB
repo_latest_c7c7962ae0_7ea2be63f051d29248c7-babyheap-latest-c7c7962ae0-7ea2be63f051d29248c7	097ea692ab98	2026-08-23 23:19:46 +0800 CST	169MB
repo_latest_c7ff261655_a20f5ef3b5d2f5484876-fractionalflag-latest-c7ff261655-a20f5ef3b5d2f5484876	fd23d1758f7c	2026-08-23 23:29:40 +0800 CST	165MB
repo_latest_c81a782456_e91b56b89b5549f0abb1-subtraction-latest-c81a782456-e91b56b89b5549f0abb1	47a90ea84c3b	2026-08-23 23:01:08 +0800 CST	165MB
repo_latest_ca93f10320_9d9da7743d58f6fe3432-bank-latest-ca93f10320-9d9da7743d58f6fe3432	d741d1282095	2026-08-23 23:25:54 +0800 CST	165MB
repo_latest_caa10131b2_35e77d65bd1b01c0d597-vp-latest-caa10131b2-35e77d65bd1b01c0d597	bf641f0075f4	2026-08-23 23:54:55 +0800 CST	165MB
repo_latest_cb74113b02_36390b13bfd4b38f0a1f-stacksort-latest-cb74113b02-36390b13bfd4b38f0a1f	775bab816b52	2026-08-23 22:47:59 +0800 CST	188MB
repo_latest_cb9111fc24_3c39cc0cf19fb634f766-babyrsa-latest-cb9111fc24-3c39cc0cf19fb634f766	247a3ed87ec6	2026-08-23 22:36:50 +0800 CST	165MB
repo_latest_cb9591fc34_b17e34880625d5d7cb75-shjail-latest-cb9591fc34-b17e34880625d5d7cb75	2441a650c992	2026-08-23 22:39:34 +0800 CST	165MB
repo_latest_ce6558a97d_a9bd29c31d7e11d857e7-dumpdrop-latest-ce6558a97d-a9bd29c31d7e11d857e7	9a7a8f04e2d8	2026-08-23 23:22:20 +0800 CST	165MB
repo_latest_cfd18b2346_3f61388573749d5959fa-babyheap-latest-cfd18b2346-3f61388573749d5959fa	fdb92459d111	2026-08-23 14:35:27 +0800 CST	169MB
repo_latest_d0b4725187_941eb0f1c7188ebf5f43-forensics400-latest-d0b4725187-941eb0f1c7188ebf5f43	faf4c27da670	2026-08-23 23:24:47 +0800 CST	170MB
repo_latest_d1d8f0d225_4212ce271879b96d40e7-threeravens-latest-d1d8f0d225-4212ce271879b96d40e7	bd87d42d754d	2026-08-23 23:27:40 +0800 CST	165MB
repo_latest_d3de615028_31ea45aedf0007f5f025-zerofs-latest-d3de615028-31ea45aedf0007f5f025	4e7dbaa8f39c	2026-08-23 23:02:23 +0800 CST	220MB
repo_latest_d42e81c0ca_7980365a72619804e365-plang-latest-d42e81c0ca-7980365a72619804e365	17671d6dd2ef	2026-08-23 23:12:55 +0800 CST	170MB
repo_latest_d45926b483_51bac7ab438586a41da2-heapstorm-latest-d45926b483-51bac7ab438586a41da2	c6fc7e97781d	2026-08-23 23:01:08 +0800 CST	165MB
repo_latest_d563bb128c_61dc257e6883a2213cba-plang-latest-d563bb128c-61dc257e6883a2213cba	3ec4e0e94fc4	2026-08-23 22:36:49 +0800 CST	170MB
repo_latest_d5b6ddc9f9_f076c82cc1e1185c09da-vuln500-latest-d5b6ddc9f9-f076c82cc1e1185c09da	924bbc67238a	2026-08-23 23:24:47 +0800 CST	165MB
repo_latest_d61e38a75c_52f9b07513e79eb633f4-auir-latest-d61e38a75c-52f9b07513e79eb633f4	437b637277a6	2026-08-23 23:56:06 +0800 CST	169MB
repo_latest_d7f7489c39_8bec00a2368057936485-easiestprintf-latest-d7f7489c39-8bec00a2368057936485	d9f14aa10c2d	2026-08-23 23:01:08 +0800 CST	165MB
repo_latest_daa8e23d4a_24da6bff94322a9f8b7f-zone-latest-daa8e23d4a-24da6bff94322a9f8b7f	b3e0e643487e	2026-08-23 23:32:11 +0800 CST	165MB
repo_latest_db0d3e9347_1b2aaa4889985abde8a1-flropyd-latest-db0d3e9347-1b2aaa4889985abde8a1	f7defacec01b	2026-08-23 22:36:50 +0800 CST	165MB
repo_latest_dba9ab3a7d_6a59ded63d8b1a7cbbe3-dlog-latest-dba9ab3a7d-6a59ded63d8b1a7cbbe3	f72e055400f6	2026-08-23 23:52:28 +0800 CST	165MB
repo_latest_dbbf8540b5_ae705330ca955d91f366-staple-aes-latest-dbbf8540b5-ae705330ca955d91f366	e715df75253f	2026-08-23 23:05:12 +0800 CST	165MB
repo_latest_dc49376a22_693ffff9dc5afa14c865-chainofrope-latest-dc49376a22-693ffff9dc5afa14c865	ef603ddfedcd	2026-08-23 23:09:11 +0800 CST	165MB
repo_latest_dcc9da1bc8_24448cd57ad6e9b33945-babyheap2018-latest-dcc9da1bc8-24448cd57ad6e9b33945	a98b4db73472	2026-08-23 23:52:20 +0800 CST	169MB
repo_latest_dd251002ad_6780fb3db762d31fbf31-pyjail-latest-dd251002ad-6780fb3db762d31fbf31	0d5bfae1d4fc	2026-08-23 22:39:24 +0800 CST	165MB
repo_latest_dd5ade80bf_9b26db30167f17a670b9-scanner-latest-dd5ade80bf-9b26db30167f17a670b9	6ecfe8858436	2026-08-23 22:37:39 +0800 CST	170MB
repo_latest_df9bd3f78f_afb08d8e648faccd00fb-dlog-latest-df9bd3f78f-afb08d8e648faccd00fb	3ee292e1d19f	2026-08-23 23:29:02 +0800 CST	165MB
repo_latest_e1047bb890_393bd680846ea773ed27-babyrsa-latest-e1047bb890-393bd680846ea773ed27	09a51c63b142	2026-08-23 23:02:53 +0800 CST	165MB
repo_latest_e241a7275b_7017cd5503f9f16bcff6-listbook-latest-e241a7275b-7017cd5503f9f16bcff6	8635865ee814	2026-08-23 23:03:58 +0800 CST	170MB
repo_latest_e2c2179349_d60234566c04c479f5cd-heapify-latest-e2c2179349-d60234566c04c479f5cd	99b4d98cbe9f	2026-08-23 22:47:30 +0800 CST	188MB
repo_latest_e3d293bc3e_fc16af6d9f69944f8b25-captcha-latest-e3d293bc3e-fc16af6d9f69944f8b25	60b54ddaa227	2026-08-23 22:50:03 +0800 CST	165MB
repo_latest_e48cd27429_5ecf52b8ac67aad8ab06-casino-latest-e48cd27429-5ecf52b8ac67aad8ab06	952775e15509	2026-08-23 23:07:52 +0800 CST	165MB
repo_latest_e6e4f84249_63ac2eaa864ccd0c9b08-matrix-latest-e6e4f84249-63ac2eaa864ccd0c9b08	7cba044ce15e	2026-08-23 22:49:08 +0800 CST	165MB
repo_latest_e73e5d1661_41470121b283999d68d7-updateserver-latest-e73e5d1661-41470121b283999d68d7	1825b85b9d81	2026-08-23 22:41:10 +0800 CST	165MB
repo_latest_e7c476a8b5_4cb273719db7ab63edcd-babyheap-latest-e7c476a8b5-4cb273719db7ab63edcd	617875741b06	2026-08-23 23:20:21 +0800 CST	169MB
repo_latest_e7d3e2dffe_d173fd252a1404e30e25-shjail-latest-e7d3e2dffe-d173fd252a1404e30e25	c9553dee33c6	2026-08-23 23:57:51 +0800 CST	165MB
repo_latest_e96dfebe55_6b5e55b5b2cc16cce853-freenote2018-latest-e96dfebe55-6b5e55b5b2cc16cce853	6eb5f397bb19	2026-08-23 23:20:21 +0800 CST	169MB
repo_latest_e9b3d029d2_8f35c7313955d8b036fe-fatima-latest-e9b3d029d2-8f35c7313955d8b036fe	b756ed144d98	2026-08-23 23:27:30 +0800 CST	165MB
repo_latest_ea11c42793_9e75e1428835e1553170-challenge-latest-ea11c42793-9e75e1428835e1553170	84604d1805a5	2026-08-23 23:05:45 +0800 CST	165MB
repo_latest_ea42dba698_6f603ccc3e5ed5e9b315-ru1337-latest-ea42dba698-6f603ccc3e5ed5e9b315	889de1b1abc2	2026-08-23 22:41:09 +0800 CST	165MB
repo_latest_eba0da447d_b14b6bfe05ea72ddd3ea-minesweeper-latest-eba0da447d-b14b6bfe05ea72ddd3ea	924df7ebe620	2026-08-23 22:40:43 +0800 CST	165MB
repo_latest_ee2bc1911d_a9b8f2cfdcdc7040ab8e-plang-latest-ee2bc1911d-a9b8f2cfdcdc7040ab8e	970f89854feb	2026-08-23 23:53:30 +0800 CST	170MB
repo_latest_eecc3ac740_24cce470437d0a94e182-presidential-latest-eecc3ac740-24cce470437d0a94e182	b56bdc21f567	2026-08-23 22:47:47 +0800 CST	165MB
repo_latest_ef6813e391_549f5e90cf6ffd38825d-elegant-latest-ef6813e391-549f5e90cf6ffd38825d	5995f4a38973	2026-08-23 23:49:43 +0800 CST	165MB
repo_latest_f0e0a48051_f1f1b7320e2e26dd0329-tinyecc-latest-f0e0a48051-f1f1b7320e2e26dd0329	ce3fd2d19f0b	2026-08-23 23:28:43 +0800 CST	165MB
repo_latest_f225dbf9aa_5cafe0c673b79067c1c9-yaml-practice-latest-f225dbf9aa-5cafe0c673b79067c1c9	7a63b80fcba5	2026-08-23 23:11:17 +0800 CST	165MB
repo_latest_f3a8f144d5_36853054989d59f2f14b-bugxxor-latest-f3a8f144d5-36853054989d59f2f14b	75ec701b17cb	2026-08-23 23:11:17 +0800 CST	165MB
repo_latest_f3ae4b0647_6511cec53464b5b27979-layers-latest-f3ae4b0647-6511cec53464b5b27979	a78600e7c325	2026-08-23 22:47:30 +0800 CST	165MB
repo_latest_f3c864e74f_a6d5d0a197a8d1dd5cc8-pwn2038-latest-f3c864e74f-a6d5d0a197a8d1dd5cc8	5eb2ee974fb8	2026-08-23 23:19:01 +0800 CST	165MB
repo_latest_f4b3a6ed73_f445918d6c0e7668bd39-flropyd-latest-f4b3a6ed73-f445918d6c0e7668bd39	50e43f2cd575	2026-08-23 23:53:29 +0800 CST	165MB
repo_latest_f5c0dff54c_e0113341d775d970408c-captcha-latest-f5c0dff54c-e0113341d775d970408c	985d1c9f2018	2026-08-23 23:11:17 +0800 CST	165MB
repo_latest_f5d68966ef_f9cdfbbd3bfa11ca89f4-picochip2-latest-f5d68966ef-f9cdfbbd3bfa11ca89f4	dfcbd6bc862c	2026-08-23 23:54:20 +0800 CST	165MB
repo_latest_f6567a1457_31befc771302073ef569-minesweeper-latest-f6567a1457-31befc771302073ef569	e689c659b483	2026-08-23 23:31:44 +0800 CST	165MB
repo_latest_faceb6d093_108f591b8deb3ba9f413-subtraction-latest-faceb6d093-108f591b8deb3ba9f413	6a5154b7f5e3	2026-08-23 20:29:39 +0800 CST	165MB
repo_latest_fad241c1f0_91517e5c5a23f8d559b0-bigrabin-latest-fad241c1f0-91517e5c5a23f8d559b0	52ca2a2b74ea	2026-08-23 23:52:28 +0800 CST	165MB
repo_latest_fbe59d5580_02af239a6de9095fbe68-soul-latest-fbe59d5580-02af239a6de9095fbe68	de136b34c610	2026-08-23 23:58:37 +0800 CST	165MB
repo_latest_fbf6460e50_ffb5cd5470588a65b764-babyheap-latest-fbf6460e50-ffb5cd5470588a65b764	aaa6d32b4b59	2026-08-23 14:21:35 +0800 CST	169MB
repo_latest_fc2b3d016e_ae82df73e800555d0a6e-whatsmyname-latest-fc2b3d016e-ae82df73e800555d0a6e	3933958f857e	2026-08-23 23:10:30 +0800 CST	165MB
repo_latest_fc6af7d9a8_bbd668e9a21978b170a9-tss1-latest-fc6af7d9a8-bbd668e9a21978b170a9	239c69eb7f54	2026-08-23 22:48:07 +0800 CST	165MB
repo_latest_fc6f31896c_92a65b832d9e1acaef4e-rev1-latest-fc6f31896c-92a65b832d9e1acaef4e	23f47d1d8797	2026-08-23 22:45:19 +0800 CST	167MB
repo_latest_fd44debe5e_2af96dab37e63b0f9827-rima-latest-fd44debe5e-2af96dab37e63b0f9827	46ae1e1a8d59	2026-08-23 23:51:56 +0800 CST	165MB
repo_latest_fdecb03e22_4b699e504224f38afb14-soul-latest-fdecb03e22-4b699e504224f38afb14	bd3638a2abbd	2026-08-23 23:05:11 +0800 CST	165MB
repo_latest_ff0648cb89_7d1cadbfd96fd77f90b4-retschool-latest-ff0648cb89-7d1cadbfd96fd77f90b4	b36db892c797	2026-08-23 23:54:45 +0800 CST	170MB
repo_batch_1d87637c51_544277d7d3bb719fcca3-blackhole-batch-1d87637c51-544277d7d3bb719fcca3	0c59197b97cb	2026-08-24 09:32:06 +0800 CST	172MB
repo_batch_69a6c9dcf6_2692985bd79dfabf6b82-babyheap2018-batch-69a6c9dcf6-2692985bd79dfabf6b82	91be6f8da2cf	2026-08-24 09:32:06 +0800 CST	169MB
repo_batch_a619f2c0e6_8d55298b73b8d3ef91e7-babyheap-batch-a619f2c0e6-8d55298b73b8d3ef91e7	f9fe7e222182	2026-08-24 09:32:06 +0800 CST	169MB
repo_batch_a7050f758c_8cd537df53f175fbb317-freenote2018-batch-a7050f758c-8cd537df53f175fbb317	91f4a256e29f	2026-08-24 09:32:06 +0800 CST	169MB
repo_batch_a8df6a24ec_4809fced2cb385b821ec-easiestprintf-batch-a8df6a24ec-4809fced2cb385b821ec	66c6e3c2efd8	2026-08-24 09:32:06 +0800 CST	165MB
repo_latest_022bbc331e_9f23239d4152b8937fab-numbergame-latest-022bbc331e-9f23239d4152b8937fab	8d86a7e9b470	2026-08-24 00:24:33 +0800 CST	165MB
repo_latest_028156a389_ff806816734b3047a065-babyheap-latest-028156a389-ff806816734b3047a065	3cb5d961d289	2026-08-24 00:17:36 +0800 CST	169MB
repo_latest_03d7d59b82_f578265d1052f8fb537e-morphing-latest-03d7d59b82-f578265d1052f8fb537e	ab93af167127	2026-08-24 01:48:53 +0800 CST	165MB
repo_latest_05496722dd_93ca5771d6eda702fbef-rsaoracle1-latest-05496722dd-93ca5771d6eda702fbef	424d9174e244	2026-08-24 00:50:57 +0800 CST	165MB
repo_latest_06ceb70dfa_bc44dd1ce47aa359ad3a-exponent-latest-06ceb70dfa-bc44dd1ce47aa359ad3a	95f6728903a1	2026-08-24 01:17:13 +0800 CST	165MB
repo_latest_07c85464b0_43cc1ea3dc1fa3e3b76e-pwn200-latest-07c85464b0-43cc1ea3dc1fa3e3b76e	733ad21a696d	2026-08-24 01:00:23 +0800 CST	165MB
repo_latest_0867793894_4fe9c6b488beeeb5ea87-rev1-latest-0867793894-4fe9c6b488beeeb5ea87	8e8d44785515	2026-08-24 00:23:02 +0800 CST	167MB
repo_latest_08f3abc90f_e18c640388a387b8532e-hungry-latest-08f3abc90f-e18c640388a387b8532e	dcccebe6cdb6	2026-08-24 00:52:48 +0800 CST	165MB
repo_latest_0a0e84b272_4e521db0b667607e3350-babysandbox-latest-0a0e84b272-4e521db0b667607e3350	9b707ce1478e	2026-08-24 00:02:21 +0800 CST	171MB
repo_latest_0a71cbcac8_46a4f21700db9ffc06f5-opisthocomus-latest-0a71cbcac8-46a4f21700db9ffc06f5	ca83fc469759	2026-08-24 01:11:58 +0800 CST	165MB
repo_latest_0b951eb794_fc9392d89efa56a7fa37-applicative-latest-0b951eb794-fc9392d89efa56a7fa37	0390d8950b05	2026-08-24 00:43:32 +0800 CST	165MB
repo_latest_0dd1d8b3d0_23ed862641c0f28713ce-injection-latest-0dd1d8b3d0-23ed862641c0f28713ce	70312ddbed36	2026-08-24 02:00:35 +0800 CST	165MB
repo_latest_1010756e20_e0b57b5bffea266e04d2-challenge-latest-1010756e20-e0b57b5bffea266e04d2	63091d0528ac	2026-08-24 00:33:24 +0800 CST	588MB
repo_latest_12a5fe22ae_0e746bbb8c084e6cfd96-baby-latest-12a5fe22ae-0e746bbb8c084e6cfd96	a368e727af3a	2026-08-24 01:02:17 +0800 CST	165MB
repo_latest_12bc522b57_9beb50bfc78e7dd88a1a-oddshell-latest-12bc522b57-9beb50bfc78e7dd88a1a	a12bfe046453	2026-08-24 01:47:18 +0800 CST	165MB
repo_latest_131673aadc_5bd207f8ec0de5b6cd3e-combo-chain-lite-latest-131673aadc-5bd207f8ec0de5b6cd3e	7b877b26b593	2026-08-24 01:09:15 +0800 CST	165MB
repo_latest_15a56309cd_ac92175727a296cae7f4-twist-latest-15a56309cd-ac92175727a296cae7f4	1a229c4c030f	2026-08-24 02:02:17 +0800 CST	165MB
repo_latest_17110e2c5a_8a2541dc746468aadd03-sleepycoder-latest-17110e2c5a-8a2541dc746468aadd03	f1fbb2f88991	2026-08-24 01:00:15 +0800 CST	165MB
repo_latest_181714ac5d_e50b778f833bb8b1d8a5-unfairyplusplus-latest-181714ac5d-e50b778f833bb8b1d8a5	d2b398c88100	2026-08-24 01:42:25 +0800 CST	165MB
repo_latest_1b8849ad7e_9773ac7dbf7b9ce10a0c-sign-latest-1b8849ad7e-9773ac7dbf7b9ce10a0c	a491c9bd8738	2026-08-24 01:17:04 +0800 CST	165MB
repo_latest_1e43d13d45_c8599744fd394703e9cd-babyrsa-latest-1e43d13d45-c8599744fd394703e9cd	d9379c36b879	2026-08-24 00:02:21 +0800 CST	165MB
repo_latest_1ebe7f494e_f33c6e1012190f8d3ba7-smolweb-latest-1ebe7f494e-f33c6e1012190f8d3ba7	2c4d53cdd7f4	2026-08-24 00:00:18 +0800 CST	165MB
repo_latest_1feae94ffa_4387387f8d002019c82f-ecsign-latest-1feae94ffa-4387387f8d002019c82f	02d6d475d355	2026-08-24 01:24:04 +0800 CST	165MB
repo_latest_2163ba0e20_d6ec3560be68725a15cc-binding-latest-2163ba0e20-d6ec3560be68725a15cc	a217e2c8b3bc	2026-08-24 00:48:06 +0800 CST	165MB
repo_latest_2467fc4b03_4d1be76aa0a7897a7b9b-byte-latest-2467fc4b03-4d1be76aa0a7897a7b9b	d6e445cb64a6	2026-08-24 01:08:22 +0800 CST	165MB
repo_latest_275b86420f_85e9985dd4023ddef345-babygame-latest-275b86420f-85e9985dd4023ddef345	af265ed84ee2	2026-08-24 00:49:47 +0800 CST	165MB
repo_latest_27999b2938_d71eb24b09a365f0b737-bootme2-latest-27999b2938-d71eb24b09a365f0b737	7ff693c8c74d	2026-08-24 01:24:06 +0800 CST	476MB
repo_latest_28424d4be1_caab821be57fad738a7f-pilot-latest-28424d4be1-caab821be57fad738a7f	51fcad1f3a94	2026-08-24 00:35:43 +0800 CST	165MB
repo_latest_2871a3dcd3_8d7ea7401937110aa65b-minesweeper-latest-2871a3dcd3-8d7ea7401937110aa65b	4030f882f1aa	2026-08-24 00:35:42 +0800 CST	165MB
repo_latest_28e134dc10_9a32e0c41f0f25ea7245-simplestkernel-latest-28e134dc10-9a32e0c41f0f25ea7245	621f706d7251	2026-08-24 01:36:27 +0800 CST	166MB
repo_latest_299bb9f64b_b121361da7ca1bd5336b-lwe-challenge-latest-299bb9f64b-b121361da7ca1bd5336b	e20791cab45e	2026-08-24 01:13:32 +0800 CST	165MB
repo_latest_29cf789267_d1ad3154b00916d55f38-stream-latest-29cf789267-d1ad3154b00916d55f38	b35dbb083ffc	2026-08-24 01:15:06 +0800 CST	165MB
repo_latest_2ad4643b7e_5496fcb9109e4d8a5f6a-bookshelf2-latest-2ad4643b7e-5496fcb9109e4d8a5f6a	5b6dc8cc5d3c	2026-08-24 01:30:58 +0800 CST	165MB
repo_latest_2ad54823ad_e5e76aaf224259c1218c-cheater-latest-2ad54823ad-e5e76aaf224259c1218c	b0912b6c8e55	2026-08-24 02:00:21 +0800 CST	165MB
repo_latest_2c4add9d3d_69054af67b6b4b2222c3-friendsofcrime-latest-2c4add9d3d-69054af67b6b4b2222c3	6fa074d84011	2026-08-24 00:56:25 +0800 CST	165MB
repo_latest_2e73c6c67a_2e57acfbc619bba74170-babyheap2018-latest-2e73c6c67a-2e57acfbc619bba74170	297e40e57ce8	2026-08-24 00:15:50 +0800 CST	169MB
repo_latest_2e931605bb_26852160dafb8f57eeca-subtraction-latest-2e931605bb-26852160dafb8f57eeca	bc91e9621d32	2026-08-24 00:01:12 +0800 CST	165MB
repo_latest_2f79c85ced_84b43b661a85e509febe-ceebc-latest-2f79c85ced-84b43b661a85e509febe	12003af599e2	2026-08-24 00:48:43 +0800 CST	165MB
repo_latest_331cbe6e58_d5c17319f713015ab0a4-blackhole-latest-331cbe6e58-d5c17319f713015ab0a4	19875166a18e	2026-08-24 00:01:12 +0800 CST	172MB
repo_latest_332e408bf2_99e23edbcdc537475d9b-k3y-latest-332e408bf2-99e23edbcdc537475d9b	7fe5a08e7ef2	2026-08-24 01:58:09 +0800 CST	165MB
repo_latest_338370e942_ee6ab835c5bc8d83063f-git-hoarder-latest-338370e942-ee6ab835c5bc8d83063f	4d6f378d3cb8	2026-08-24 01:19:17 +0800 CST	165MB
repo_latest_373036ea17_54672ce98b4a68ed1899-nix-latest-373036ea17-54672ce98b4a68ed1899	c90615eeedd2	2026-08-24 00:45:18 +0800 CST	165MB
repo_latest_375087b7c9_53ec7bc04aeca1cfae23-issues-latest-375087b7c9-53ec7bc04aeca1cfae23	4826f8266169	2026-08-24 01:37:59 +0800 CST	165MB
repo_latest_37551aab6d_b63088d934e8154b002b-simplesignin-latest-37551aab6d-b63088d934e8154b002b	02e49793e468	2026-08-24 01:07:12 +0800 CST	165MB
repo_latest_39412a062f_ba2e32c5f97186e37564-forbiddencontent-latest-39412a062f-ba2e32c5f97186e37564	5d8b5f298a79	2026-08-24 01:36:12 +0800 CST	165MB
repo_latest_398797ca61_8013b005576fa4c4cce4-maya-latest-398797ca61-8013b005576fa4c4cce4	0e304da7bb7b	2026-08-24 00:19:43 +0800 CST	165MB
repo_latest_3af87672d0_7247e6a2109d14207b4d-safenotes-latest-3af87672d0-7247e6a2109d14207b4d	398959b00919	2026-08-24 01:18:15 +0800 CST	165MB
repo_latest_3bab3f3cc7_34708c249825edd52dad-challenge-latest-3bab3f3cc7-34708c249825edd52dad	2ee3428748bc	2026-08-24 01:03:46 +0800 CST	166MB
repo_latest_3dcde93eae_4ef451f155bf469764be-simplexor-latest-3dcde93eae-4ef451f155bf469764be	eb8df942042c	2026-08-24 01:03:13 +0800 CST	165MB
repo_latest_3dffd200c3_070c7532db13cc551fd6-rogue-latest-3dffd200c3-070c7532db13cc551fd6	92a9543098dd	2026-08-24 01:07:56 +0800 CST	165MB
repo_latest_3e02e9b45c_c373ae14acda07e791e2-twitchplayspwnable-latest-3e02e9b45c-c373ae14acda07e791e2	6f25160fa90c	2026-08-24 00:36:47 +0800 CST	165MB
repo_latest_3ec74c3a45_cedb5a0959d30a08032d-hitcon-latest-3ec74c3a45-cedb5a0959d30a08032d	01051ace236f	2026-08-24 01:05:51 +0800 CST	170MB
repo_latest_3fc2a2f53a_f9fc2943e6df14d7ca18-1337crypt-latest-3fc2a2f53a-f9fc2943e6df14d7ca18	70733a36abea	2026-08-24 00:49:47 +0800 CST	165MB
repo_latest_403d86a3cd_20db8b3911eacecc0630-building-blocks-market-latest-403d86a3cd-20db8b3911eacecc0630	dd7d5fdee6c3	2026-08-24 01:49:10 +0800 CST	165MB
repo_latest_413809f298_9643708ecb9e358f8cb0-greetings-latest-413809f298-9643708ecb9e358f8cb0	0069d9501c8f	2026-08-24 01:45:53 +0800 CST	171MB
repo_latest_415bb05697_aa4045321af1aa6f7dd0-calcgame-latest-415bb05697-aa4045321af1aa6f7dd0	dabc9b668600	2026-08-24 00:48:43 +0800 CST	165MB
repo_latest_416831592c_18a4be413b5c87419b7c-the-block-city-times-latest-416831592c-18a4be413b5c87419b7c	e8b1750ec9a9	2026-08-24 01:50:14 +0800 CST	165MB
repo_latest_42764b54ba_64c72c60947be04b402c-signer-latest-42764b54ba-64c72c60947be04b402c	3c00a0b0931c	2026-08-24 01:16:10 +0800 CST	165MB
repo_latest_469835029e_88138aa191915fd921b7-ot-latest-469835029e-88138aa191915fd921b7	289c2a72fb6c	2026-08-24 01:24:04 +0800 CST	165MB
repo_latest_46cc4807b3_f0c6aa1e8f8914ff0de0-caesars-revenge-latest-46cc4807b3-f0c6aa1e8f8914ff0de0	669916b842ef	2026-08-24 01:08:37 +0800 CST	165MB
repo_latest_46dbe79d7c_d03ea91c79a5b0c8f2c6-alicebobdave-latest-46dbe79d7c-d03ea91c79a5b0c8f2c6	94c21440c234	2026-08-24 01:59:12 +0800 CST	165MB
repo_latest_4743575ea9_4c9ce5247d3790d1d27f-chained-latest-4743575ea9-4c9ce5247d3790d1d27f	edfb0fbc7f91	2026-08-24 01:45:27 +0800 CST	165MB
repo_latest_4752fce8af_d492abada43367020a3f-satisfied-latest-4752fce8af-d492abada43367020a3f	21e767fa922a	2026-08-24 00:48:07 +0800 CST	165MB
repo_latest_4ada43677c_78096a22e017e2ff7c6f-diffusion-latest-4ada43677c-78096a22e017e2ff7c6f	a6f7395daba6	2026-08-24 00:45:07 +0800 CST	165MB
repo_latest_4ade72010d_2d6963dc752f76edd9ac-prison-latest-4ade72010d-2d6963dc752f76edd9ac	5549e3b0c10c	2026-08-24 01:58:35 +0800 CST	165MB
repo_latest_4b94b463da_ef33623e43d554da0cf9-alienmath-latest-4b94b463da-ef33623e43d554da0cf9	4506b1efd8df	2026-08-24 00:43:32 +0800 CST	165MB
repo_latest_4d2acc7327_87fb990519713bb8eb18-fsmir2-latest-4d2acc7327-87fb990519713bb8eb18	58ed2b525275	2026-08-24 01:17:44 +0800 CST	165MB
repo_latest_4e831984c9_72b8023da7c9b72b4dae-ecc-latest-4e831984c9-72b8023da7c9b72b4dae	0599b888994f	2026-08-24 01:47:05 +0800 CST	165MB
repo_latest_5169299265_2a2d27a708191bfcddd6-easyheap-latest-5169299265-2a2d27a708191bfcddd6	ffcaccf28974	2026-08-24 01:06:10 +0800 CST	165MB
repo_latest_56bed8fbd4_680bd0ea85f9a2db0b4e-whispers-latest-56bed8fbd4-680bd0ea85f9a2db0b4e	cb64686ddd5d	2026-08-24 01:25:46 +0800 CST	165MB
repo_latest_589b937c4f_5a40858a35f7780489ec-impeccable-latest-589b937c4f-5a40858a35f7780489ec	6485a3625948	2026-08-24 00:49:14 +0800 CST	165MB
repo_latest_5a7b7c27a8_b9a7c54108715b061d7f-numbrrrs-latest-5a7b7c27a8-b9a7c54108715b061d7f	e123c216b94b	2026-08-24 01:56:11 +0800 CST	165MB
repo_latest_5ae196f64d_6f0f18705044e7e3ae21-presidential-latest-5ae196f64d-6f0f18705044e7e3ae21	5b50bf76487d	2026-08-24 00:26:07 +0800 CST	165MB
repo_latest_5ee668db8d_ccfe8955551115274583-juniperus-latest-5ee668db8d-ccfe8955551115274583	9cfa2959065a	2026-08-24 00:49:54 +0800 CST	165MB
repo_latest_601a229158_344cf4d17986d65d0544-dumber-latest-601a229158-344cf4d17986d65d0544	7a36a7b618ae	2026-08-24 01:19:45 +0800 CST	165MB
repo_latest_605862d011_bc541ce31d18f1a7357d-base64-latest-605862d011-bc541ce31d18f1a7357d	32bdbdf28b72	2026-08-24 01:16:21 +0800 CST	165MB
repo_latest_605a08a170_a5415935531a8e426c07-zone-latest-605a08a170-a5415935531a8e426c07	3f836b5548e3	2026-08-24 00:36:47 +0800 CST	165MB
repo_latest_62cc638bc9_d6f5cd1882992134eb55-gamblersfallacy-latest-62cc638bc9-d6f5cd1882992134eb55	f49cf2326ffd	2026-08-24 01:50:27 +0800 CST	165MB
repo_latest_655e04f3d0_777ae4f85acea65abd5a-freedom-latest-655e04f3d0-777ae4f85acea65abd5a	fc57a9f6fa4a	2026-08-24 01:06:10 +0800 CST	165MB
repo_latest_66356c6e12_6c04fea17575f7d3b4f1-integrity-latest-66356c6e12-6c04fea17575f7d3b4f1	dcfed6de16cc	2026-08-24 01:16:36 +0800 CST	165MB
repo_latest_67a28132b9_2c119f0368ba32da733f-drop-latest-67a28132b9-2c119f0368ba32da733f	acc62fa9455d	2026-08-24 01:26:33 +0800 CST	171MB
repo_latest_67c7a5f376_c089e701a056c6ea6140-babypywn-latest-67c7a5f376-c089e701a056c6ea6140	413dba5f9a38	2026-08-24 00:50:26 +0800 CST	165MB
repo_latest_683bc0e27a_18abca0cb785655067bd-rev400-latest-683bc0e27a-18abca0cb785655067bd	fe70e3d66607	2026-08-24 01:01:18 +0800 CST	198MB
repo_latest_6c95860610_bc855b15ae58f4449b64-otp-latest-6c95860610-bc855b15ae58f4449b64	cdf7224e3ab0	2026-08-24 01:13:32 +0800 CST	165MB
repo_latest_6cea4bcc5f_5fd85d4b276344a9ece9-heapstorm-latest-6cea4bcc5f-5fd85d4b276344a9ece9	245332c58d32	2026-08-24 00:01:12 +0800 CST	165MB
repo_latest_6d014b8d1a_3fafbf6e2f5ec428ecce-childrencache-latest-6d014b8d1a-3fafbf6e2f5ec428ecce	46a69dc7ebb9	2026-08-24 01:05:32 +0800 CST	165MB
repo_latest_74fb9178d5_95ed85f204b043ab42c5-dao-latest-74fb9178d5-95ed85f204b043ab42c5	ba55eaf2ec74	2026-08-24 01:35:56 +0800 CST	170MB
repo_latest_75650e60a1_f4898bb15a13cab92e95-trivia25-latest-75650e60a1-f4898bb15a13cab92e95	926a5918e345	2026-08-24 01:01:25 +0800 CST	165MB
repo_latest_76c4e0bd68_3651e18c368016b82fa2-bap-latest-76c4e0bd68-3651e18c368016b82fa2	1801f3530f93	2026-08-24 00:25:14 +0800 CST	170MB
repo_latest_76cf733e74_f99b41536e7fa0d1afd6-subtraction-latest-76cf733e74-f99b41536e7fa0d1afd6	94d11b1085d9	2026-08-24 00:15:50 +0800 CST	165MB
repo_latest_772129e6ef_eaada93ae10644dc2132-pwn300-latest-772129e6ef-eaada93ae10644dc2132	aa014159aee4	2026-08-24 01:00:30 +0800 CST	165MB
repo_latest_77708fdde7_aa1fbe7bc5e33f7958a8-oracle-latest-77708fdde7-aa1fbe7bc5e33f7958a8	72a02a4e2988	2026-08-24 00:50:26 +0800 CST	165MB
repo_latest_784bd173aa_8aba00c222a5af580ec9-chaos-latest-784bd173aa-8aba00c222a5af580ec9	39ff1c5ca45f	2026-08-24 02:00:09 +0800 CST	165MB
repo_latest_7aec74059b_eac19f133d9ef7b4ea08-game-latest-7aec74059b-eac19f133d9ef7b4ea08	9ddd0f1edad3	2026-08-24 01:37:58 +0800 CST	165MB
repo_latest_7bf15e1950_dc4a08a2728d9156a4cd-bigrabin-latest-7bf15e1950-dc4a08a2728d9156a4cd	70c969e5b541	2026-08-24 00:34:37 +0800 CST	165MB
repo_latest_7ca5475844_b071188712889dbc380e-rw-latest-7ca5475844-b071188712889dbc380e	560f2975ddd8	2026-08-24 00:54:23 +0800 CST	165MB
repo_latest_7f90bf250e_44dd05f19ae9194eea3a-magicoracle-latest-7f90bf250e-44dd05f19ae9194eea3a	49c8fda8bf4c	2026-08-24 01:19:45 +0800 CST	165MB
repo_latest_82493c29ab_888795f79d3de7bada9b-flropyd-latest-82493c29ab-888795f79d3de7bada9b	2cb49d28b784	2026-08-24 00:02:21 +0800 CST	165MB
repo_latest_82ccbe88a5_c90b6fe31cfc332b00a1-challenge-latest-82ccbe88a5-c90b6fe31cfc332b00a1	51ea989c3676	2026-08-24 00:00:10 +0800 CST	165MB
repo_latest_834abf0aa8_2c7bf1784d385764254d-zerofs-latest-834abf0aa8-2c7bf1784d385764254d	fe082370c47b	2026-08-24 00:01:19 +0800 CST	220MB
repo_latest_84d3ff487d_dd8f21773211e0c1d839-calmdown-latest-84d3ff487d-dd8f21773211e0c1d839	c6c5516b3cc0	2026-08-24 01:06:02 +0800 CST	165MB
repo_latest_870ca72dea_c8b5533fcbcc7046688b-staple-aes-latest-870ca72dea-c8b5533fcbcc7046688b	017fee32cbb4	2026-08-24 00:19:11 +0800 CST	165MB
repo_latest_879e2847b1_1308e03277443f9d05b7-forensics200-latest-879e2847b1-1308e03277443f9d05b7	fbcc63b34fb2	2026-08-24 00:32:30 +0800 CST	210MB
repo_latest_88e0d7f646_f18e3b42079f5e80aedf-broken-repl-latest-88e0d7f646-f18e3b42079f5e80aedf	862dde8f5f59	2026-08-24 01:08:22 +0800 CST	165MB
repo_latest_89312b70d7_42de427a485bfc8dc07c-ssss-latest-89312b70d7-42de427a485bfc8dc07c	61856b05bc6f	2026-08-24 01:40:31 +0800 CST	165MB
repo_latest_8a0223f595_80ee036e3ea8dedd78af-heapstorm-latest-8a0223f595-80ee036e3ea8dedd78af	31dffbd87fc3	2026-08-24 00:15:49 +0800 CST	165MB
repo_latest_8b4bb6c206_6efc374e35a966640b58-wallet-latest-8b4bb6c206-6efc374e35a966640b58	8dcfcdc2b6b8	2026-08-24 00:19:11 +0800 CST	165MB
repo_latest_8d35ba0d64_d30cd73f0b7a06573284-fmtfun-latest-8d35ba0d64-d30cd73f0b7a06573284	7c5bdb410e10	2026-08-24 01:13:17 +0800 CST	170MB
repo_latest_8dc5146e7a_4714cf396d3b113c3729-orca-latest-8dc5146e7a-4714cf396d3b113c3729	21c678077390	2026-08-24 01:50:28 +0800 CST	165MB
repo_latest_8de9a0bee4_30560d870c2df5b99233-bookshelf-latest-8de9a0bee4-30560d870c2df5b99233	fac211e88616	2026-08-24 01:30:48 +0800 CST	165MB
repo_latest_8f47a938d6_bc4721affc78dda7770c-quadratic-latest-8f47a938d6-bc4721affc78dda7770c	1b1b66464249	2026-08-24 01:24:32 +0800 CST	165MB
repo_latest_8fa11c496f_be23baf97c95e2eabbea-easiestprintf-latest-8fa11c496f-be23baf97c95e2eabbea	8d6e9827f99c	2026-08-24 00:17:36 +0800 CST	165MB
repo_latest_9187ee17b2_2e302e27564d1b7c0d1c-cookie-latest-9187ee17b2-2e302e27564d1b7c0d1c	9facc4ed782c	2026-08-24 01:54:06 +0800 CST	165MB
repo_latest_92ee66e8a3_1eb0e90a6508bb797519-crybaby-latest-92ee66e8a3-1eb0e90a6508bb797519	abf8ecc04123	2026-08-24 01:43:28 +0800 CST	165MB
repo_latest_93cd35ce67_72dbc0e709e8b6c11697-the-block-city-times-v2-latest-93cd35ce67-72dbc0e709e8b6c11697	54e514f46ce3	2026-08-24 01:50:14 +0800 CST	165MB
repo_latest_93de7e6d3d_38d5d9dd71ca3b85f448-forgery-latest-93de7e6d3d-38d5d9dd71ca3b85f448	c0f304517cba	2026-08-24 00:43:48 +0800 CST	165MB
repo_latest_9972fae124_ac382736cc98d405c3ad-power-latest-9972fae124-ac382736cc98d405c3ad	41b3b23a8fca	2026-08-24 00:49:54 +0800 CST	165MB
repo_latest_99f856a348_7d01614230c4f21856b9-golf-latest-99f856a348-7d01614230c4f21856b9	9d282fd6893a	2026-08-24 00:45:07 +0800 CST	165MB
repo_latest_9ba7ac6fce_db111c4ab48c65c94471-cryptogod-latest-9ba7ac6fce-db111c4ab48c65c94471	e808f7fc6f4c	2026-08-24 01:29:26 +0800 CST	165MB
repo_latest_9cc648b769_b037c11a45fb08ab27ff-spawn-latest-9cc648b769-b037c11a45fb08ab27ff	e1decbe113eb	2026-08-24 00:55:19 +0800 CST	165MB
repo_latest_a00d0f20b7_5c1f167b2fb77b90c525-fakeobj-latest-a00d0f20b7-5c1f167b2fb77b90c525	c282a8eeea08	2026-08-24 00:52:38 +0800 CST	165MB
repo_latest_a3919b37be_d4a37aa4be674ced2ea4-ccv-latest-a3919b37be-d4a37aa4be674ced2ea4	76f6be35b429	2026-08-24 01:53:47 +0800 CST	165MB
repo_latest_a42949b48c_94637649e9797748db80-unfairy-latest-a42949b48c-94637649e9797748db80	fe77b5ca7717	2026-08-24 01:41:42 +0800 CST	165MB
repo_latest_a63999e081_9fb6f4c21088bcd3b2d5-athome-latest-a63999e081-9fb6f4c21088bcd3b2d5	ffafbd3cc0fe	2026-08-24 01:47:18 +0800 CST	165MB
repo_latest_a67f345753_069adaf8f34f6d678b3c-python-latest-a67f345753-069adaf8f34f6d678b3c	24dc035f0757	2026-08-24 01:44:16 +0800 CST	165MB
repo_latest_a6a16784f1_6a582edac2b1b222beac-easiestprintf-latest-a6a16784f1-6a582edac2b1b222beac	48711fe164eb	2026-08-24 00:15:50 +0800 CST	165MB
repo_latest_a6cf67078a_882c34ae2e99aae14f08-zombie-latest-a6cf67078a-882c34ae2e99aae14f08	c177ad6145ad	2026-08-24 00:49:47 +0800 CST	174MB
repo_latest_a792b92477_63127301ac10b0462da0-pandq-latest-a792b92477-63127301ac10b0462da0	1dcf8b03ddca	2026-08-24 01:17:58 +0800 CST	165MB
repo_latest_a81ee0c771_0f31fb523ce5820b9ead-freenote2018-latest-a81ee0c771-0f31fb523ce5820b9ead	e2a1845933cc	2026-08-24 00:15:50 +0800 CST	169MB
repo_latest_a912da13e0_e6452b92e94e67328171-base64-latest-a912da13e0-e6452b92e94e67328171	936a2269701f	2026-08-24 01:07:13 +0800 CST	165MB
repo_latest_a93c0aedb0_4de839ca622612e04f10-numpymt-latest-a93c0aedb0-4de839ca622612e04f10	11f3a5bab333	2026-08-24 02:01:43 +0800 CST	165MB
repo_latest_a9562ff21a_bcb385ac490e74f991f8-mario-latest-a9562ff21a-bcb385ac490e74f991f8	00109b6a375d	2026-08-24 01:03:10 +0800 CST	165MB
repo_latest_a9d43e518e_eea553971953ad5d600c-binary500-latest-a9d43e518e-eea553971953ad5d600c	c132801266a0	2026-08-24 00:32:04 +0800 CST	165MB
repo_latest_aadcb08def_affd66a1657f13313a03-email-latest-aadcb08def-affd66a1657f13313a03	f6e69ac73efd	2026-08-24 00:52:38 +0800 CST	165MB
repo_latest_aefbbe53d4_f96bb895cc82d4d52f70-scv-latest-aefbbe53d4-f96bb895cc82d4d52f70	17dd660f9de3	2026-08-24 00:35:53 +0800 CST	172MB
repo_latest_b0d284a0ff_4474be4db3235aef1316-secureencodinghex-latest-b0d284a0ff-4474be4db3235aef1316	241e07f4bafa	2026-08-24 01:14:35 +0800 CST	165MB
repo_latest_b303741ec0_dfb2cbeccacdca5b2597-babyheap-latest-b303741ec0-dfb2cbeccacdca5b2597	4a8172173c2a	2026-08-24 00:15:50 +0800 CST	169MB
repo_latest_b331b65392_39619a3693d408dc5ab3-wolf-latest-b331b65392-39619a3693d408dc5ab3	d6e83c60b02e	2026-08-24 00:34:37 +0800 CST	185MB
repo_latest_b6dd89c5b8_8eb520ffffd3bd8b50f4-hexshiftcipher-latest-b6dd89c5b8-8eb520ffffd3bd8b50f4	f4668f2d5d6f	2026-08-24 00:49:14 +0800 CST	165MB
repo_latest_b9377a632e_7b028af313efa206ab37-shrsa-latest-b9377a632e-7b028af313efa206ab37	70c727c51403	2026-08-24 00:54:26 +0800 CST	165MB
repo_latest_ba7b131208_4f0ce10d0ef74111f476-challenge-latest-ba7b131208-4f0ce10d0ef74111f476	dd1353af9e5c	2026-08-24 00:01:46 +0800 CST	165MB
repo_latest_bc3f4ab484_e2a0f4716e1eb1dc7c7a-smoll-latest-bc3f4ab484-e2a0f4716e1eb1dc7c7a	ab8937c05556	2026-08-24 01:14:36 +0800 CST	165MB
repo_latest_bca3641c4e_4ede8a075476b2450a5e-canis-latest-bca3641c4e-4ede8a075476b2450a5e	bbbf5df37770	2026-08-24 01:11:42 +0800 CST	165MB
repo_latest_c3c947eca5_79b3d8cc2e519cfc1225-printshop-latest-c3c947eca5-79b3d8cc2e519cfc1225	91b909c7491e	2026-08-24 01:31:52 +0800 CST	165MB
repo_latest_c4bfb830e1_e5a6d6a9b5e041f6a496-knotty-latest-c4bfb830e1-e5a6d6a9b5e041f6a496	f94bc54d4fa8	2026-08-24 00:57:05 +0800 CST	165MB
repo_latest_c5dab2d314_374fdb8a2f9e4d561e97-softshell-latest-c5dab2d314-374fdb8a2f9e4d561e97	9eac496fc877	2026-08-24 01:31:52 +0800 CST	165MB
repo_latest_c732dd073c_6c11f12cd09903e8304f-caesars-revenge-wrapper-latest-c732dd073c-6c11f12cd09903e8304f	b6eec097fe0b	2026-08-24 01:09:00 +0800 CST	165MB
repo_latest_ca8d94da47_9c43d755f79249526aff-cryptordle-latest-ca8d94da47-9c43d755f79249526aff	5054261cddcf	2026-08-24 01:54:43 +0800 CST	165MB
repo_latest_cd5f38877b_4572ddc658894aea1817-sparrow-latest-cd5f38877b-4572ddc658894aea1817	84b56e8e7f65	2026-08-24 01:36:28 +0800 CST	165MB
repo_latest_ce716eb501_b79a9c76850cdfeeef78-bin200-latest-ce716eb501-b79a9c76850cdfeeef78	59d7b276e0a2	2026-08-24 00:33:00 +0800 CST	165MB
repo_latest_ceb212d9c9_7cf0f30046819e65fb93-criminal-latest-ceb212d9c9-7cf0f30046819e65fb93	e8d19efe8fcc	2026-08-24 01:43:28 +0800 CST	165MB
repo_latest_d31ec6d607_f3b2401aa04fe3e44c11-helpcenter-latest-d31ec6d607-f3b2401aa04fe3e44c11	53fb729a4173	2026-08-24 00:21:02 +0800 CST	165MB
repo_latest_d39d24d139_615b24eddf194b4be42d-alterego-latest-d39d24d139-615b24eddf194b4be42d	cf0a68b3d120	2026-08-24 01:40:06 +0800 CST	165MB
repo_latest_d4ecac71cf_0d5092c3ce31c5f40a42-block-latest-d4ecac71cf-0d5092c3ce31c5f40a42	b8d3ccabe022	2026-08-24 01:02:31 +0800 CST	165MB
repo_latest_d5a1a92c39_23342a182db2efe8d135-safeps2-latest-d5a1a92c39-23342a182db2efe8d135	b37a217e2874	2026-08-24 00:46:11 +0800 CST	165MB
repo_latest_d61cf846c6_65048b4cd329a701f48e-breakfastclub-latest-d61cf846c6-65048b4cd329a701f48e	f4a02bfbce2b	2026-08-24 01:30:58 +0800 CST	185MB
repo_latest_d6c2b5b664_7c8d0796f459123abdd2-secureencoding-latest-d6c2b5b664-7c8d0796f459123abdd2	de992ff37321	2026-08-24 01:14:21 +0800 CST	165MB
repo_latest_d6e550329e_7be266ebde35e75681fd-shirohero-latest-d6e550329e-7be266ebde35e75681fd	277504b1152c	2026-08-24 01:20:18 +0800 CST	165MB
repo_latest_d886a2701e_eee73fd36d192eaff9af-syscalls-latest-d886a2701e-eee73fd36d192eaff9af	a1d552e93add	2026-08-24 01:49:10 +0800 CST	165MB
repo_latest_d91d7ca785_267cac77fb173fa9bb0b-plang-latest-d91d7ca785-267cac77fb173fa9bb0b	558f9970f023	2026-08-24 00:02:22 +0800 CST	170MB
repo_latest_db62b37524_18c0fa13db009c671b3c-casino-latest-db62b37524-18c0fa13db009c671b3c	3c89b560e12d	2026-08-24 00:21:55 +0800 CST	165MB
repo_latest_dd0c35cc83_52db58bc3e602eb21292-babytcache-latest-dd0c35cc83-52db58bc3e602eb21292	d98940fba475	2026-08-24 01:05:32 +0800 CST	165MB
repo_latest_e186446bbb_5c6277b548d5c23699c2-babyaegis-latest-e186446bbb-5c6277b548d5c23699c2	2b530b555fb2	2026-08-24 00:02:03 +0800 CST	173MB
repo_latest_e821ab17fd_e992ddf408fff2faa366-seashells-latest-e821ab17fd-e992ddf408fff2faa366	8793734bf278	2026-08-24 00:27:42 +0800 CST	165MB
repo_latest_e9282f61d4_caa79efc1480c805f10c-aria-writer-latest-e9282f61d4-caa79efc1480c805f10c	0d948ec8840f	2026-08-24 01:08:22 +0800 CST	170MB
repo_latest_e9a62db4ce_e7b9a529bfeb381d31f3-catino-latest-e9a62db4ce-e7b9a529bfeb381d31f3	c4dba7866156	2026-08-24 01:02:48 +0800 CST	165MB
repo_latest_ea188fe5a5_90baa4dc2e07aad93bf4-myflask-latest-ea188fe5a5-90baa4dc2e07aad93bf4	afb4d08d82c8	2026-08-24 01:40:21 +0800 CST	174MB
repo_latest_ea38cdd4c6_7c07f162f9807232a02c-vorpal-latest-ea38cdd4c6-7c07f162f9807232a02c	082f8d9ee548	2026-08-24 00:48:22 +0800 CST	165MB
repo_latest_ed687a2c83_f8a3767998621aa6b6f6-guessinggame-latest-ed687a2c83-f8a3767998621aa6b6f6	de4fb73a45c0	2026-08-24 01:31:40 +0800 CST	165MB
repo_latest_ed946d9d6f_c5809cdf8600f45944b9-pycrackme-latest-ed946d9d6f-c5809cdf8600f45944b9	1d91386a6a77	2026-08-24 01:03:13 +0800 CST	165MB
repo_latest_edd93dbcff_0e6a5f561045db430c5f-challenge-latest-edd93dbcff-0e6a5f561045db430c5f	d8a8c322ca08	2026-08-24 00:41:36 +0800 CST	165MB
repo_latest_ee81055647_066ce14b2bca5261346b-mersenne-latest-ee81055647-066ce14b2bca5261346b	2748f1a314ed	2026-08-24 02:01:02 +0800 CST	165MB
repo_latest_f04ce4830f_207b5498b1914f908564-bootleg-latest-f04ce4830f-207b5498b1914f908564	46e0baeacd2e	2026-08-24 02:00:01 +0800 CST	165MB
repo_latest_f1c959f4b7_8ceeacaf1d6b928abe21-adminpanel-latest-f1c959f4b7-8ceeacaf1d6b928abe21	2ddd0328fad7	2026-08-24 01:42:40 +0800 CST	165MB
repo_latest_f274b44f0a_5fa89824fc3de40f249c-combo-chain-latest-f274b44f0a-5fa89824fc3de40f249c	f6e1ecf7fd53	2026-08-24 01:09:00 +0800 CST	165MB
repo_latest_f2cab0d6fe_9802728621f8385ef3f1-blackhole-latest-f2cab0d6fe-9802728621f8385ef3f1	fdc04d74d752	2026-08-24 00:15:50 +0800 CST	172MB
repo_latest_f704645b0d_c2aeac776653a7465062-maas-latest-f704645b0d-c2aeac776653a7465062	9571b2f8e5f1	2026-08-24 01:28:05 +0800 CST	165MB
repo_latest_f8b73b2047_171c9418dedda662c6bc-chainofrope-latest-f8b73b2047-171c9418dedda662c6bc	8846a19c4e8b	2026-08-24 00:23:40 +0800 CST	165MB
repo_latest_fa5eab73b5_729bb9b32d6c7594be16-bootme-latest-fa5eab73b5-729bb9b32d6c7594be16	d61f408aa94b	2026-08-24 01:23:56 +0800 CST	476MB
repo_latest_fc7445bea7_3f57196c0843ff13d4ca-cosmic-latest-fc7445bea7-3f57196c0843ff13d4ca	2891551a835a	2026-08-24 01:38:01 +0800 CST	165MB
repo_latest_fca35c4aa7_746f4e566622ad3798db-friend-latest-fca35c4aa7-746f4e566622ad3798db	149f32c9522e	2026-08-24 00:52:47 +0800 CST	165MB
repo_latest_fd08433fbf_57745296acda90135474-hash-latest-fd08433fbf-57745296acda90135474	f859867ba906	2026-08-24 01:13:17 +0800 CST	165MB
repo_latest_fd3765d0ee_1a94df091e6c76bb1299-challenge-latest-fd3765d0ee-1a94df091e6c76bb1299	513cc932e9dc	2026-08-24 01:58:19 +0800 CST	165MB
repo_latest_fe58333882_63ade128bad04839ccee-yetanotherlogin-latest-fe58333882-63ade128bad04839ccee	3fddd58819c6	2026-08-24 00:56:09 +0800 CST	165MB
repo_latest_fe7ce4a4c3_4f63a07726e3cbf194f5-bf-latest-fe7ce4a4c3-4f63a07726e3cbf194f5	edaf96b97c93	2026-08-24 01:16:29 +0800 CST	165MB
repo_latest_ff935e1a42_76ae119ac8963cd47c91-web-latest-ff935e1a42-76ae119ac8963cd47c91	e20e0d7f372a	2026-08-24 01:25:14 +0800 CST	1.4GB
