0ctf2017__babyheap-ef570c4099	missing	missing	missing	missing	missing	missing
0ctf2017__diethard-42aa242adb	task_timeout	task_timeout	missing	parse_error	Task exceeded 3540.0s timeout	missing
0ctf2017__easiestprintf-4f87eb0f0f	missing	missing	missing	missing	missing	missing
0ctf2018__babyheap2018-dd1280c09c	early_exit		interrupt_failed	parse_error	Agent exited with early_exit	missing
0ctf2018__blackhole-a700794e47	model_timeout	model_timeout	missing	parse_error	Model generation exceeded 1200.0 second timeout (history_entries=22, transport_timeout=1170.0)	Traceback (most recent call last):\n  File "/data2/nfs/wangyingqi/Cyber-Zero/enigma-plus/sweagent/agent/agents.py", line 1373, in run\n    observation, done = self._run_step(observation)\n  File "/data2/nfs/wangyingqi/Cyber-Zero/enigma-plus/run.py", line 452, in step_limited_run_step\n    observation, done = original_run_step(observation)\n  File "/data2/nfs/wangyingqi/Cyber-Zero/enigma-plus/sweagent/agent/agents.py", line 1286, in _run_step\n    thought, action, output = self.forward(observation, self._env.get_available_actions(), state)\n  File "/data2/nfs/wangyingqi/Cyber-Zero/enigma-plus/sweagent/agent/agents.py", line 842, in forward\n    thought, action, output = self.forward_with_error_check(observation, state)\n  File "/data2/nfs/wangyingqi/Cyber-Zero/enigma-plus/sweagent/agent/agents.py", line 1037, in forward_with_error_check\n    return self.check_format_and_requery(self.forward_model(observation, state))\n  File "/data2/nfs/wangyingqi/Cyber-Zero/enigma-plus/sweagent/agent/agents.py", line 928, in forward_model\n    return self._query_model_with_timeout(self.local_history)\n  File "/data2/nfs/wangyingqi/Cyber-Zero/enigma-plus/sweagent/agent/agents.py", line 491, in _query_model_with_timeout\n    raise TimeoutError(\nTimeoutError: Model generation exceeded 1200.0 second timeout (history_entries=22, transport_timeout=1170.0)\n
0ctf2018__freenote2018-14294ef976	missing	missing	missing	missing	missing	missing
0ctf2018__heapstorm-0159a07ea6	runner_exception	KeyError	missing	parse_error	'agent'	Traceback (most recent call last):\n  File "/data2/nfs/wangyingqi/Cyber-Zero/enigma-plus/sweagent/agent/agents.py", line 999, in check_format_and_requery\n    thought, action = self.config.parse_function(output, self.config._commands + self.config.subroutine_types, strict=True)\n  File "/data2/nfs/wangyingqi/Cyber-Zero/enigma-plus/sweagent/agent/parsing.py", line 149, in __call__\n    raise FormatError(msg)\nsweagent.agent.parsing.FormatError: No action found in model response.\n\nDuring handling of the above exception, another exception occurred:\n\nTraceback (most recent call last):\n  File "/data2/nfs/wangyingqi/Cyber-Zero/enigma-plus/sweagent/agent/agents.py", line 1373, in run\n    observation, done = self._run_step(observation)\n  File "/data2/nfs/wangyingqi/Cyber-Zero/enigma-plus/run.py", line 452, in step_limited_run_step\n    observation, done = original_run_step(observation)\n  File "/data2/nfs/wangyingqi/Cyber-Zero/enigma-plus/sweagent/agent/agents.py", line 1286, in _run_step\n    thought, action, output = self.forward(observation, self._env.get_available_actions(), state)\n  File "/data2/nfs/wangyingqi/Cyber-Zero/enigma-plus/sweagent/agent/agents.py", line 842, in forward\n    thought, action, output = self.forward_with_error_check(observation, state)\n  File "/data2/nfs/wangyingqi/Cyber-Zero/enigma-plus/sweagent/agent/agents.py", line 1037, in forward_with_error_check\n    return self.check_format_and_requery(self.forward_model(observation, state))\n  File "/data2/nfs/wangyingqi/Cyber-Zero/enigma-plus/sweagent/agent/agents.py", line 1015, in check_format_and_requery\n    output = self.retry_after_format_fail(output)\n  File "/data2/nfs/wangyingqi/Cyber-Zero/enigma-plus/sweagent/agent/agents.py", line 937, in retry_after_format_fail\n    temp_history = self.local_history + [\n  File "/data2/nfs/wangyingqi/Cyber-Zero/enigma-plus/sweagent/agent/agents.py", line 599, in local_history\n    history = self.config.history_processor([entry for entry in self.history if entry["agent"] == self.name])\n  File "/data2/nfs/wangyingqi/Cyber-Zero/enigma-plus/sweagent/agent/agents.py", line 599, in <listcomp>\n    history = self.config.history_processor([entry for entry in self.history if entry["agent"] == self.name])\nKeyError: 'agent'\n
0ctf2018__subtraction-a0a3add0f4	exit_api		missing	missing	Agent exited with exit_api	missing
0ctf2018__zerofs-a2e28d4faf	missing	missing	missing	parse_error	missing	missing
0ctf2019__babyaegis-1960f06dcf	early_exit		interrupt_failed	parse_error	Agent exited with early_exit	missing
0ctf2019__babyheap-914f2b64c7	early_exit		interrupt_failed	missing	Agent exited with early_exit	missing
0ctf2019__babyrsa-ce712ac949	early_exit		interrupt_failed	missing	Agent exited with early_exit	missing
0ctf2019__babysandbox-7a2ec9c71b	missing	missing	missing	missing	missing	missing
0ctf2019__elements-12c9366ea1	missing	missing	missing	parse_error	missing	missing
0ctf2019__flropyd-09e7147194	missing	missing	missing	missing	missing	missing
0ctf2019__plang-5fefdae8a9	step_200_hit		missing	missing	Agent exited with step_200_hit	missing
0ctf2019__sanitize-eaf6397f86	task_timeout	task_timeout	missing	missing	Task exceeded 3540.0s timeout	missing
0ctf2019__scanner-0dbd381bf4	missing	missing	missing	parse_error	missing	missing
0ctf2019__zerotask-a1c287d32e	early_exit		interrupt_failed	parse_error	Agent exited with early_exit	missing
0ctf2021quals__cloudpass-833af61b7a	early_exit		interrupt_failed	missing	Agent exited with early_exit	missing
0ctf2021quals__future-c15da51ded	model_timeout	model_timeout	missing	missing	Model generation exceeded 1200.0 second timeout (history_entries=76, transport_timeout=1170.0)	Traceback (most recent call last):\n  File "/data2/nfs/wangyingqi/Cyber-Zero/enigma-plus/sweagent/agent/agents.py", line 1373, in run\n    observation, done = self._run_step(observation)\n  File "/data2/nfs/wangyingqi/Cyber-Zero/enigma-plus/run.py", line 452, in step_limited_run_step\n    observation, done = original_run_step(observation)\n  File "/data2/nfs/wangyingqi/Cyber-Zero/enigma-plus/sweagent/agent/agents.py", line 1286, in _run_step\n    thought, action, output = self.forward(observation, self._env.get_available_actions(), state)\n  File "/data2/nfs/wangyingqi/Cyber-Zero/enigma-plus/sweagent/agent/agents.py", line 842, in forward\n    thought, action, output = self.forward_with_error_check(observation, state)\n  File "/data2/nfs/wangyingqi/Cyber-Zero/enigma-plus/sweagent/agent/agents.py", line 1037, in forward_with_error_check\n    return self.check_format_and_requery(self.forward_model(observation, state))\n  File "/data2/nfs/wangyingqi/Cyber-Zero/enigma-plus/sweagent/agent/agents.py", line 928, in forward_model\n    return self._query_model_with_timeout(self.local_history)\n  File "/data2/nfs/wangyingqi/Cyber-Zero/enigma-plus/sweagent/agent/agents.py", line 491, in _query_model_with_timeout\n    raise TimeoutError(\nTimeoutError: Model generation exceeded 1200.0 second timeout (history_entries=76, transport_timeout=1170.0)\n
0ctf2021quals__listbook-d31dfe2bb9	missing	missing	missing	parse_error	missing	missing
0ctf2021quals__vp-73b9611bad	runner_exception	KeyError	missing	missing	'agent'	Traceback (most recent call last):\n  File "/data2/nfs/wangyingqi/Cyber-Zero/enigma-plus/sweagent/agent/agents.py", line 1373, in run\n    observation, done = self._run_step(observation)\n  File "/data2/nfs/wangyingqi/Cyber-Zero/enigma-plus/run.py", line 452, in step_limited_run_step\n    observation, done = original_run_step(observation)\n  File "/data2/nfs/wangyingqi/Cyber-Zero/enigma-plus/sweagent/agent/agents.py", line 1286, in _run_step\n    thought, action, output = self.forward(observation, self._env.get_available_actions(), state)\n  File "/data2/nfs/wangyingqi/Cyber-Zero/enigma-plus/sweagent/agent/agents.py", line 842, in forward\n    thought, action, output = self.forward_with_error_check(observation, state)\n  File "/data2/nfs/wangyingqi/Cyber-Zero/enigma-plus/sweagent/agent/agents.py", line 1037, in forward_with_error_check\n    return self.check_format_and_requery(self.forward_model(observation, state))\n  File "/data2/nfs/wangyingqi/Cyber-Zero/enigma-plus/sweagent/agent/agents.py", line 928, in forward_model\n    return self._query_model_with_timeout(self.local_history)\n  File "/data2/nfs/wangyingqi/Cyber-Zero/enigma-plus/sweagent/agent/agents.py", line 599, in local_history\n    history = self.config.history_processor([entry for entry in self.history if entry["agent"] == self.name])\n  File "/data2/nfs/wangyingqi/Cyber-Zero/enigma-plus/sweagent/agent/agents.py", line 599, in <listcomp>\n    history = self.config.history_processor([entry for entry in self.history if entry["agent"] == self.name])\nKeyError: 'agent'\n
0ctf2021quals__zer0lfsr-94e599756e	runner_exception	KeyError	missing	missing	'agent'	Traceback (most recent call last):\n  File "/data2/nfs/wangyingqi/Cyber-Zero/enigma-plus/sweagent/agent/agents.py", line 1373, in run\n    observation, done = self._run_step(observation)\n  File "/data2/nfs/wangyingqi/Cyber-Zero/enigma-plus/run.py", line 452, in step_limited_run_step\n    observation, done = original_run_step(observation)\n  File "/data2/nfs/wangyingqi/Cyber-Zero/enigma-plus/sweagent/agent/agents.py", line 1286, in _run_step\n    thought, action, output = self.forward(observation, self._env.get_available_actions(), state)\n  File "/data2/nfs/wangyingqi/Cyber-Zero/enigma-plus/sweagent/agent/agents.py", line 842, in forward\n    thought, action, output = self.forward_with_error_check(observation, state)\n  File "/data2/nfs/wangyingqi/Cyber-Zero/enigma-plus/sweagent/agent/agents.py", line 1037, in forward_with_error_check\n    return self.check_format_and_requery(self.forward_model(observation, state))\n  File "/data2/nfs/wangyingqi/Cyber-Zero/enigma-plus/sweagent/agent/agents.py", line 928, in forward_model\n    return self._query_model_with_timeout(self.local_history)\n  File "/data2/nfs/wangyingqi/Cyber-Zero/enigma-plus/sweagent/agent/agents.py", line 599, in local_history\n    history = self.config.history_processor([entry for entry in self.history if entry["agent"] == self.name])\n  File "/data2/nfs/wangyingqi/Cyber-Zero/enigma-plus/sweagent/agent/agents.py", line 599, in <listcomp>\n    history = self.config.history_processor([entry for entry in self.history if entry["agent"] == self.name])\nKeyError: 'agent'\n
0x41414141ctf2021__client-1623b627b2	early_exit		interrupt_failed	missing	Agent exited with early_exit	missing
0x41414141ctf2021__external-746d3f61e6	model_timeout	model_timeout	missing	missing	Model generation exceeded 1200.0 second timeout (history_entries=16, transport_timeout=1170.0)	Traceback (most recent call last):\n  File "/data2/nfs/wangyingqi/Cyber-Zero/enigma-plus/sweagent/agent/agents.py", line 1373, in run\n    observation, done = self._run_step(observation)\n  File "/data2/nfs/wangyingqi/Cyber-Zero/enigma-plus/run.py", line 452, in step_limited_run_step\n    observation, done = original_run_step(observation)\n  File "/data2/nfs/wangyingqi/Cyber-Zero/enigma-plus/sweagent/agent/agents.py", line 1286, in _run_step\n    thought, action, output = self.forward(observation, self._env.get_available_actions(), state)\n  File "/data2/nfs/wangyingqi/Cyber-Zero/enigma-plus/sweagent/agent/agents.py", line 842, in forward\n    thought, action, output = self.forward_with_error_check(observation, state)\n  File "/data2/nfs/wangyingqi/Cyber-Zero/enigma-plus/sweagent/agent/agents.py", line 1037, in forward_with_error_check\n    return self.check_format_and_requery(self.forward_model(observation, state))\n  File "/data2/nfs/wangyingqi/Cyber-Zero/enigma-plus/sweagent/agent/agents.py", line 928, in forward_model\n    return self._query_model_with_timeout(self.local_history)\n  File "/data2/nfs/wangyingqi/Cyber-Zero/enigma-plus/sweagent/agent/agents.py", line 491, in _query_model_with_timeout\n    raise TimeoutError(\nTimeoutError: Model generation exceeded 1200.0 second timeout (history_entries=16, transport_timeout=1170.0)\n
0x41414141ctf2021__factorize-4ce5db5bbd	model_timeout	model_timeout	missing	missing	Messages API request timed out after 1170.0s	Traceback (most recent call last):\n  File "/home/ubuntu/miniconda3/envs/enigma/lib/python3.10/site-packages/urllib3/connectionpool.py", line 534, in _make_request\n    response = conn.getresponse()\n  File "/home/ubuntu/miniconda3/envs/enigma/lib/python3.10/site-packages/urllib3/connection.py", line 571, in getresponse\n    httplib_response = super().getresponse()\n  File "/home/ubuntu/miniconda3/envs/enigma/lib/python3.10/http/client.py", line 1395, in getresponse\n    response.begin()\n  File "/home/ubuntu/miniconda3/envs/enigma/lib/python3.10/http/client.py", line 323, in begin\n    version, status, reason = self._read_status()\n  File "/home/ubuntu/miniconda3/envs/enigma/lib/python3.10/http/client.py", line 284, in _read_status\n    line = str(self.fp.readline(_MAXLINE + 1), "iso-8859-1")\n  File "/home/ubuntu/miniconda3/envs/enigma/lib/python3.10/socket.py", line 717, in readinto\n    return self._sock.recv_into(b)\nTimeoutError: timed out\n\nThe above exception was the direct cause of the following exception:\n\nTraceback (most recent call last):\n  File "/home/ubuntu/miniconda3/envs/enigma/lib/python3.10/site-packages/requests/adapters.py", line 696, in send\n    resp = conn.urlopen(\n  File "/home/ubuntu/miniconda3/envs/enigma/lib/python3.10/site-packages/urllib3/connectionpool.py", line 842, in urlopen\n    retries = retries.increment(\n  File "/home/ubuntu/miniconda3/envs/enigma/lib/python3.10/site-packages/urllib3/util/retry.py", line 498, in increment\n    raise reraise(type(error), error, _stacktrace)\n  File "/home/ubuntu/miniconda3/envs/enigma/lib/python3.10/site-packages/urllib3/util/util.py", line 39, in reraise\n    raise value\n  File "/home/ubuntu/miniconda3/envs/enigma/lib/python3.10/site-packages/urllib3/connectionpool.py", line 788, in urlopen\n    response = self._make_request(\n  File "/home/ubuntu/miniconda3/envs/enigma/lib/python3.10/site-packages/urllib3/connectionpool.py", line 536, in _make_request\n    self._raise_timeout(err=e, url=url, timeout_value=read_timeout)\n  File "/home/ubuntu/miniconda3/envs/enigma/lib/python3.10/site-packages/urllib3/connectionpool.py", line 367, in _raise_timeout\n    raise ReadTimeoutError(\nurllib3.exceptions.ReadTimeoutError: HTTPConnectionPool(host='127.0.0.1', port=23106): Read timed out. (read timeout=1170.0)\n\nDuring handling of the above exception, another exception occurred:\n\nTraceback (most recent call last):\n  File "/data2/nfs/wangyingqi/Cyber-Zero/enigma-plus/sweagent/agent/models.py", line 869, in query\n    response = requests.post(\n  File "/home/ubuntu/miniconda3/envs/enigma/lib/python3.10/site-packages/requests/api.py", line 134, in post\n    return request("post", url, data=data, json=json, **kwargs)\n  File "/home/ubuntu/miniconda3/envs/enigma/lib/python3.10/site-packages/requests/api.py", line 71, in request\n    return session.request(method=method, url=url, **kwargs)\n  File "/home/ubuntu/miniconda3/envs/enigma/lib/python3.10/site-packages/requests/sessions.py", line 651, in request\n    resp = self.send(prep, **send_kwargs)\n  File "/home/ubuntu/miniconda3/envs/enigma/lib/python3.10/site-packages/requests/sessions.py", line 784, in send\n    r = adapter.send(request, **kwargs)\n  File "/home/ubuntu/miniconda3/envs/enigma/lib/python3.10/site-packages/requests/adapters.py", line 742, in send\n    raise ReadTimeout(e, request=request)\nrequests.exceptions.ReadTimeout: HTTPConnectionPool(host='127.0.0.1', port=23106): Read timed out. (read timeout=1170.0)\n\nThe above exception was the direct cause of the following exception:\n\nTraceback (most recent call last):\n  File "/data2/nfs/wangyingqi/Cyber-Zero/enigma-plus/sweagent/agent/agents.py", line 1373, in run\n    observation, done = self._run_step(observation)\n  File "/data2/nfs/wangyingqi/Cyber-Zero/enigma-plus/run.py", line 452, in step_limited_run_step\n    observation, done = original_run_step(observation)\n  File "/data2/nfs/wangyingqi/Cyber-Zero/enigma-plus/sweagent/agent/agents.py", line 1286, in _run_step\n    thought, action, output = self.forward(observation, self._env.get_available_actions(), state)\n  File "/data2/nfs/wangyingqi/Cyber-Zero/enigma-plus/sweagent/agent/agents.py", line 842, in forward\n    thought, action, output = self.forward_with_error_check(observation, state)\n  File "/data2/nfs/wangyingqi/Cyber-Zero/enigma-plus/sweagent/agent/agents.py", line 1037, in forward_with_error_check\n    return self.check_format_and_requery(self.forward_model(observation, state))\n  File "/data2/nfs/wangyingqi/Cyber-Zero/enigma-plus/sweagent/agent/agents.py", line 928, in forward_model\n    return self._query_model_with_timeout(self.local_history)\n  File "/data2/nfs/wangyingqi/Cyber-Zero/enigma-plus/sweagent/agent/agents.py", line 500, in _query_model_with_timeout\n    raise exception\n  File "/data2/nfs/wangyingqi/Cyber-Zero/enigma-plus/sweagent/agent/agents.py", line 471, in model_query_worker\n    response = self.model.query(history)\n  File "/home/ubuntu/miniconda3/envs/enigma/lib/python3.10/site-packages/tenacity/__init__.py", line 331, in wrapped_f\n    return copy(f, *args, **kw)\n  File "/home/ubuntu/miniconda3/envs/enigma/lib/python3.10/site-packages/tenacity/__init__.py", line 470, in __call__\n    do = self.iter(retry_state=retry_state)\n  File "/home/ubuntu/miniconda3/envs/enigma/lib/python3.10/site-packages/tenacity/__init__.py", line 371, in iter\n    result = action(retry_state)\n  File "/home/ubuntu/miniconda3/envs/enigma/lib/python3.10/site-packages/tenacity/__init__.py", line 393, in <lambda>\n    self._add_action_func(lambda rs: rs.outcome.result())\n  File "/home/ubuntu/miniconda3/envs/enigma/lib/python3.10/concurrent/futures/_base.py", line 451, in result\n    return self.__get_result()\n  File "/home/ubuntu/miniconda3/envs/enigma/lib/python3.10/concurrent/futures/_base.py", line 403, in __get_result\n    raise self._exception\n  File "/home/ubuntu/miniconda3/envs/enigma/lib/python3.10/site-packages/tenacity/__init__.py", line 473, in __call__\n    result = fn(*args, **kwargs)\n  File "/data2/nfs/wangyingqi/Cyber-Zero/enigma-plus/sweagent/agent/models.py", line 884, in query\n    raise TimeoutError(\nTimeoutError: Messages API request timed out after 1170.0s\n
0x41414141ctf2021__filereader-239df2567e	early_exit		interrupt_failed	parse_error	Agent exited with early_exit	missing
0x41414141ctf2021__hash-b748990301	missing	missing	missing	missing	missing	missing
0x41414141ctf2021__moving-signals-1dbead341e	missing_raw_trajectory	
0x41414141ctf2021__pyjail-3fc3bf1e4c	missing	missing	missing	missing	missing	missing
0x41414141ctf2021__ret-of-the-rops-803ed111cb	early_exit		interrupt_failed	parse_error	Agent exited with early_exit	missing
0x41414141ctf2021__shjail-d0e3540001	missing	missing	missing	missing	missing	missing
0x41414141ctf2021__soul-8e07deb4ca	missing	missing	missing	missing	missing	missing
0x41414141ctf2021__staple-aes-58ef1c4117	missing	missing	missing	missing	missing	missing
0x41414141ctf2021__the-pwn-inn-2e1e15efd7	early_exit		interrupt_failed	missing	Agent exited with early_exit	missing
0x41414141ctf2021__wallet-905c1e0477	missing	missing	missing	missing	missing	missing
0x41414141ctf2021__ware-776e7dd590	early_exit		interrupt_failed	missing	Agent exited with early_exit	missing
0x41414141ctf2021__wrongdownload-7ff4c2cf36	early_exit		interrupt_failed	missing	Agent exited with early_exit	missing
0x41414141ctf2021__x-and-or-9c2d086dd6	task_timeout	task_timeout	missing	missing	Task exceeded 3540.0s timeout	missing
0xl4ugh__4lld4y-b74781c06f	early_exit		interrupt_failed	missing	Agent exited with early_exit	missing
0xl4ugh__dorya-703d970fe8	early_exit		interrupt_failed	missing	Agent exited with early_exit	missing
0xl4ugh__smolweb-74fa5794c9	early_exit		interrupt_failed	missing	Agent exited with early_exit	missing
0xl4ugh__spiralfloats-480319c59e	missing	missing	missing	missing	missing	missing
29c3ctf2012__findthekey-5fb9571cbc	missing	missing	missing	missing	missing	missing
29c3ctf2012__maya-c999b974e7	early_exit		interrupt_failed	missing	Agent exited with early_exit	missing
29c3ctf2012__memcached-f9aad9fca1	missing	missing	missing	missing	missing	missing
29c3ctf2012__minesweeper-dcf924888f	runner_exception	KeyError	missing	parse_error	'agent'	Traceback (most recent call last):\n  File "/data2/nfs/wangyingqi/Cyber-Zero/enigma-plus/sweagent/agent/agents.py", line 1373, in run\n    observation, done = self._run_step(observation)\n  File "/data2/nfs/wangyingqi/Cyber-Zero/enigma-plus/run.py", line 452, in step_limited_run_step\n    observation, done = original_run_step(observation)\n  File "/data2/nfs/wangyingqi/Cyber-Zero/enigma-plus/sweagent/agent/agents.py", line 1286, in _run_step\n    thought, action, output = self.forward(observation, self._env.get_available_actions(), state)\n  File "/data2/nfs/wangyingqi/Cyber-Zero/enigma-plus/sweagent/agent/agents.py", line 842, in forward\n    thought, action, output = self.forward_with_error_check(observation, state)\n  File "/data2/nfs/wangyingqi/Cyber-Zero/enigma-plus/sweagent/agent/agents.py", line 1037, in forward_with_error_check\n    return self.check_format_and_requery(self.forward_model(observation, state))\n  File "/data2/nfs/wangyingqi/Cyber-Zero/enigma-plus/sweagent/agent/agents.py", line 928, in forward_model\n    return self._query_model_with_timeout(self.local_history)\n  File "/data2/nfs/wangyingqi/Cyber-Zero/enigma-plus/sweagent/agent/agents.py", line 599, in local_history\n    history = self.config.history_processor([entry for entry in self.history if entry["agent"] == self.name])\n  File "/data2/nfs/wangyingqi/Cyber-Zero/enigma-plus/sweagent/agent/agents.py", line 599, in <listcomp>\n    history = self.config.history_processor([entry for entry in self.history if entry["agent"] == self.name])\nKeyError: 'agent'\n
29c3ctf2012__proxy-3bc02960ae	missing	missing	missing	missing	missing	missing
29c3ctf2012__ru1337-2cd33da820	missing	missing	missing	parse_error	missing	missing
29c3ctf2012__updateserver-e48874c439	missing	missing	missing	missing	missing	missing
accessdeniedctf2022__babyc-c2078a26dd	missing	missing	missing	missing	missing	missing
accessdeniedctf2022__binary-3e6741a647	missing	missing	missing	parse_error	missing	missing
accessdeniedctf2022__ecc-3d127053ae	exit_api		missing	missing	Agent exited with exit_api	missing
accessdeniedctf2022__enormous-6a940f987e	missing	missing	missing	missing	missing	missing
accessdeniedctf2022__llvm-a48f8b792b	task_timeout	task_timeout	missing	missing	Task exceeded 3540.0s timeout	missing
accessdeniedctf2022__merklegoodman-31a2119d2d	early_exit		interrupt_failed	missing	Agent exited with early_exit	missing
accessdeniedctf2022__mitm2-244fcbf6b2	early_exit		interrupt_failed	missing	Agent exited with early_exit	missing
accessdeniedctf2022__ret2system-7ee678ed27	missing	missing	missing	missing	missing	missing
accessdeniedctf2022__rsa1-c8bd10fa8c	missing	missing	missing	missing	missing	missing
accessdeniedctf2022__rsa2-be1fc73c80	early_exit		interrupt_failed	missing	Agent exited with early_exit	missing
accessdeniedctf2022__rsa3-f4b61fe1f1	task_timeout	task_timeout	missing	missing	Task exceeded 3540.0s timeout	missing
accessdeniedctf2022__smallkey-203d49c058	early_exit		interrupt_failed	missing	Agent exited with early_exit	missing
amateursctf__addition-124a8519eb	task_timeout	task_timeout	missing	parse_error	Task exceeded 3540.0s timeout	missing
amateursctf__division-fbe1862c45	runner_exception	KeyError	missing	missing	'agent'	Traceback (most recent call last):\n  File "/data2/nfs/wangyingqi/Cyber-Zero/enigma-plus/sweagent/agent/agents.py", line 1373, in run\n    observation, done = self._run_step(observation)\n  File "/data2/nfs/wangyingqi/Cyber-Zero/enigma-plus/run.py", line 452, in step_limited_run_step\n    observation, done = original_run_step(observation)\n  File "/data2/nfs/wangyingqi/Cyber-Zero/enigma-plus/sweagent/agent/agents.py", line 1286, in _run_step\n    thought, action, output = self.forward(observation, self._env.get_available_actions(), state)\n  File "/data2/nfs/wangyingqi/Cyber-Zero/enigma-plus/sweagent/agent/agents.py", line 842, in forward\n    thought, action, output = self.forward_with_error_check(observation, state)\n  File "/data2/nfs/wangyingqi/Cyber-Zero/enigma-plus/sweagent/agent/agents.py", line 1037, in forward_with_error_check\n    return self.check_format_and_requery(self.forward_model(observation, state))\n  File "/data2/nfs/wangyingqi/Cyber-Zero/enigma-plus/sweagent/agent/agents.py", line 928, in forward_model\n    return self._query_model_with_timeout(self.local_history)\n  File "/data2/nfs/wangyingqi/Cyber-Zero/enigma-plus/sweagent/agent/agents.py", line 599, in local_history\n    history = self.config.history_processor([entry for entry in self.history if entry["agent"] == self.name])\n  File "/data2/nfs/wangyingqi/Cyber-Zero/enigma-plus/sweagent/agent/agents.py", line 599, in <listcomp>\n    history = self.config.history_processor([entry for entry in self.history if entry["agent"] == self.name])\nKeyError: 'agent'\n
amateursctf__normal-d7682fea15	missing	missing	missing	parse_error	missing	missing
amateursctf__piano-ecf34098a0	missing	missing	missing	missing	missing	missing
amateursctf__uncrackable-c1d77ff9b8	missing	missing	missing	missing	missing	missing
angstromctf2016__amoebananas-096ba93b9b	missing	missing	missing	missing	missing	missing
angstromctf2016__artifact-8f4115f2bd	missing	missing	missing	missing	missing	missing
angstromctf2016__asmtracing-66ce8a074b	missing	missing	missing	missing	missing	missing
angstromctf2016__casino-005b859d7b	missing	missing	missing	missing	missing	missing
angstromctf2016__cipher-44e22b336f	task_timeout	task_timeout	missing	missing	Task exceeded 3540.0s timeout	missing
angstromctf2016__client-fda76b713e	missing	missing	missing	missing	missing	missing
angstromctf2016__drag-6b2e194935	missing	missing	missing	missing	missing	missing
angstromctf2016__endian-d1fb7a611d	missing	missing	missing	parse_error	missing	missing
angstromctf2016__fender-dd139e2be2	early_exit		interrupt_failed	missing	Agent exited with early_exit	missing
angstromctf2016__flaglock-fd9b771f6c	early_exit		interrupt_failed	missing	Agent exited with early_exit	missing
angstromctf2016__formatone-98879638e5	early_exit		interrupt_failed	missing	Agent exited with early_exit	missing
angstromctf2016__hamlet-93c4f5aa7c	missing	missing	missing	missing	missing	missing
angstromctf2016__headsup-f6dcaaefbd	missing	missing	missing	missing	missing	missing
angstromctf2016__helpcenter-40af403593	missing	missing	missing	missing	missing	missing
angstromctf2016__hex-45b855775f	submitted		missing	missing	Agent exited with submitted	missing
angstromctf2016__imageencryptor-3fd7f8a719	early_exit		interrupt_failed	missing	Agent exited with early_exit	missing
angstromctf2016__javabest-1cead26f71	task_timeout	task_timeout	missing	missing	Task exceeded 3540.0s timeout	missing
angstromctf2016__metasploit-b5a599dd2b	missing	missing	missing	parse_error	missing	missing
angstromctf2016__music-b0dab2ba47	missing	missing	missing	missing	missing	missing
angstromctf2016__oops-70e3217050	missing	missing	missing	missing	missing	missing
angstromctf2016__recovery-091b60899b	early_exit		interrupt_failed	missing	Agent exited with early_exit	missing
angstromctf2016__rsa-93131a6e97	early_exit		interrupt_failed	parse_error	Agent exited with early_exit	missing
angstromctf2016__spqr-e999510cd2	submitted		missing	missing	Agent exited with submitted	missing
angstromctf2016__yankovic-b42c352709	missing	missing	missing	missing	missing	missing
angstromctf2017__begin-0b186ac140	submitted		missing	parse_error	Agent exited with submitted	missing
angstromctf2017__casino-31940756d6	early_exit		interrupt_failed	missing	Agent exited with early_exit	missing
angstromctf2017__knockknock-12b3cb841a	task_timeout	task_timeout	missing	missing	Task exceeded 3540.0s timeout	missing
angstromctf2017__obligatory-56aac085a4	early_exit		interrupt_failed	missing	Agent exited with early_exit	missing
angstromctf2017__royalcasino-03333d0435	runner_exception	KeyError	missing	missing	'agent'	Traceback (most recent call last):\n  File "/data2/nfs/wangyingqi/Cyber-Zero/enigma-plus/sweagent/agent/agents.py", line 1373, in run\n    observation, done = self._run_step(observation)\n  File "/data2/nfs/wangyingqi/Cyber-Zero/enigma-plus/run.py", line 452, in step_limited_run_step\n    observation, done = original_run_step(observation)\n  File "/data2/nfs/wangyingqi/Cyber-Zero/enigma-plus/sweagent/agent/agents.py", line 1286, in _run_step\n    thought, action, output = self.forward(observation, self._env.get_available_actions(), state)\n  File "/data2/nfs/wangyingqi/Cyber-Zero/enigma-plus/sweagent/agent/agents.py", line 842, in forward\n    thought, action, output = self.forward_with_error_check(observation, state)\n  File "/data2/nfs/wangyingqi/Cyber-Zero/enigma-plus/sweagent/agent/agents.py", line 1037, in forward_with_error_check\n    return self.check_format_and_requery(self.forward_model(observation, state))\n  File "/data2/nfs/wangyingqi/Cyber-Zero/enigma-plus/sweagent/agent/agents.py", line 928, in forward_model\n    return self._query_model_with_timeout(self.local_history)\n  File "/data2/nfs/wangyingqi/Cyber-Zero/enigma-plus/sweagent/agent/agents.py", line 599, in local_history\n    history = self.config.history_processor([entry for entry in self.history if entry["agent"] == self.name])\n  File "/data2/nfs/wangyingqi/Cyber-Zero/enigma-plus/sweagent/agent/agents.py", line 599, in <listcomp>\n    history = self.config.history_processor([entry for entry in self.history if entry["agent"] == self.name])\nKeyError: 'agent'\n
angstromctf2017__substitutioncipher-ca399c5f69	missing	missing	missing	missing	missing	missing
angstromctf2018__accumulator-b786e674d5	task_timeout	task_timeout	missing	missing	Task exceeded 3540.0s timeout	missing
angstromctf2018__backtobasics-26f0cc5580	missing	missing	missing	missing	missing	missing
angstromctf2018__bankroppery-a292714cd7	step_200_hit		missing	missing	Agent exited with step_200_hit	missing
angstromctf2018__introtorsa-add58986dd	missing	missing	missing	missing	missing	missing
angstromctf2018__productkey-5ef6242f8d	task_timeout	task_timeout	missing	parse_error	Task exceeded 3540.0s timeout	missing
angstromctf2018__rev1-45eef2a6ef	missing	missing	missing	missing	missing	missing
angstromctf2018__rev2-9845185ea0	missing	missing	missing	missing	missing	missing
angstromctf2018__rev3-1e44c64790	missing	missing	missing	parse_error	missing	missing
angstromctf2018__waldo2-3bfdd063fe	task_timeout	task_timeout	missing	missing	Task exceeded 3540.0s timeout	missing
angstromctf2018__warmup-bc9612f0eb	missing	missing	missing	missing	missing	missing
angstromctf2018__washington-eaa54f974b	early_exit		interrupt_failed	parse_error	Agent exited with early_exit	missing
angstromctf2018__weirdmessage-07aea4dffe	task_timeout	task_timeout	missing	missing	Task exceeded 3540.0s timeout	missing
angstromctf2018__xor-609f529d0c	missing	missing	missing	missing	missing	missing
angstromctf2019__blankpaper-bb8f8e957e	missing	missing	missing	missing	missing	missing
angstromctf2019__chainofrope-8b0704bdad	missing	missing	missing	missing	missing	missing
angstromctf2019__highqualitychecks-ab61aea249	missing	missing	missing	missing	missing	missing
angstromctf2019__icthyo-7b55ea7694	missing	missing	missing	parse_error	missing	missing
angstromctf2019__like-0297a2a569	missing	missing	missing	missing	missing	missing
angstromctf2019__lithp-eca00f4b15	missing	missing	missing	parse_error	missing	missing
angstromctf2019__onebite-5d5969b1bc	missing	missing	missing	parse_error	missing	missing
angstromctf2019__overmybrain-aced06d6d4	missing	missing	missing	parse_error	missing	missing
angstromctf2019__paperbin-bdd19f2276	early_exit		interrupt_failed	missing	Agent exited with early_exit	missing
angstromctf2019__reallysecurealgorithm-8280fb4b86	missing	missing	missing	missing	missing	missing
angstromctf2019__runes-c0f494e2ba	early_exit		interrupt_failed	missing	Agent exited with early_exit	missing
angstromctf2022__amongus-7f5512976a	runner_exception	KeyError	missing	missing	'agent'	Traceback (most recent call last):\n  File "/data2/nfs/wangyingqi/Cyber-Zero/enigma-plus/sweagent/agent/agents.py", line 1373, in run\n    observation, done = self._run_step(observation)\n  File "/data2/nfs/wangyingqi/Cyber-Zero/enigma-plus/run.py", line 452, in step_limited_run_step\n    observation, done = original_run_step(observation)\n  File "/data2/nfs/wangyingqi/Cyber-Zero/enigma-plus/sweagent/agent/agents.py", line 1286, in _run_step\n    thought, action, output = self.forward(observation, self._env.get_available_actions(), state)\n  File "/data2/nfs/wangyingqi/Cyber-Zero/enigma-plus/sweagent/agent/agents.py", line 842, in forward\n    thought, action, output = self.forward_with_error_check(observation, state)\n  File "/data2/nfs/wangyingqi/Cyber-Zero/enigma-plus/sweagent/agent/agents.py", line 1037, in forward_with_error_check\n    return self.check_format_and_requery(self.forward_model(observation, state))\n  File "/data2/nfs/wangyingqi/Cyber-Zero/enigma-plus/sweagent/agent/agents.py", line 928, in forward_model\n    return self._query_model_with_timeout(self.local_history)\n  File "/data2/nfs/wangyingqi/Cyber-Zero/enigma-plus/sweagent/agent/agents.py", line 599, in local_history\n    history = self.config.history_processor([entry for entry in self.history if entry["agent"] == self.name])\n  File "/data2/nfs/wangyingqi/Cyber-Zero/enigma-plus/sweagent/agent/agents.py", line 599, in <listcomp>\n    history = self.config.history_processor([entry for entry in self.history if entry["agent"] == self.name])\nKeyError: 'agent'\n
angstromctf2022__caesaranddesister-9224ebd972	early_exit		interrupt_failed	parse_error	Agent exited with early_exit	missing
angstromctf2022__dyn-8231591f0c	early_exit		interrupt_failed	missing	Agent exited with early_exit	missing
angstromctf2022__numbergame-0e1ba800c0	early_exit		interrupt_failed	parse_error	Agent exited with early_exit	missing
angstromctf2022__randomlysampledalgorithm-9535a36015	task_timeout	task_timeout	missing	missing	Task exceeded 3540.0s timeout	missing
angstromctf2022__reallyobnoxiousproblem-3318ac1619	missing	missing	missing	missing	missing	missing
angstromctf2022__shark1-8091d8e05a	missing	missing	missing	missing	missing	missing
angstromctf2022__uninspired-e9293d179b	missing	missing	missing	missing	missing	missing
angstromctf2022__wah-0939668a61	early_exit		interrupt_failed	missing	Agent exited with early_exit	missing
angstromctf2022__whatsmyname-4ab602d9f0	early_exit		interrupt_failed	missing	Agent exited with early_exit	missing
angstromctf2024__awman-c5e3e16fcf	missing	missing	missing	missing	missing	missing
angstromctf2024__bap-3ddcf49894	missing	missing	missing	missing	missing	missing
angstromctf2024__exam-3c262ac281	early_exit		interrupt_failed	missing	Agent exited with early_exit	missing
angstromctf2024__heapify-8e4ecdb276	missing	missing	missing	parse_error	missing	missing
angstromctf2024__layers-bb7c736d74	early_exit		interrupt_failed	missing	Agent exited with early_exit	missing
angstromctf2024__leftright-8a0c75647a	missing	missing	missing	parse_error	missing	missing
angstromctf2024__og-4c22054828	early_exit		interrupt_failed	parse_error	Agent exited with early_exit	missing
angstromctf2024__philosophy-12b2af64e8	missing	missing	missing	missing	missing	missing
angstromctf2024__presidential-588968e033	early_exit		interrupt_failed	missing	Agent exited with early_exit	missing
angstromctf2024__simonsays-54f8f99d05	task_timeout	task_timeout	missing	missing	Task exceeded 3540.0s timeout	missing
angstromctf2024__snowman-23583f447c	missing	missing	missing	missing	missing	missing
angstromctf2024__stacksort-612a330523	missing	missing	missing	missing	missing	missing
angstromctf2024__themectl-842437a7ba	missing	missing	missing	parse_error	missing	missing
angstromctf2024__tss1-50ffa2c0d5	early_exit		interrupt_failed	missing	Agent exited with early_exit	missing
angstromctf2024__tss2-a59b375b3d	early_exit		interrupt_failed	parse_error	Agent exited with early_exit	missing
asisctf2013__dice-9a740c2fe7	missing	missing	missing	missing	missing	missing
asisctf2013__encoding-303677be29	early_exit		interrupt_failed	missing	Agent exited with early_exit	missing
asisctf2013__inaccessible-3de9b201ef	runner_exception	KeyError	missing	missing	'agent'	Traceback (most recent call last):\n  File "/data2/nfs/wangyingqi/Cyber-Zero/enigma-plus/sweagent/agent/agents.py", line 1373, in run\n    observation, done = self._run_step(observation)\n  File "/data2/nfs/wangyingqi/Cyber-Zero/enigma-plus/run.py", line 452, in step_limited_run_step\n    observation, done = original_run_step(observation)\n  File "/data2/nfs/wangyingqi/Cyber-Zero/enigma-plus/sweagent/agent/agents.py", line 1286, in _run_step\n    thought, action, output = self.forward(observation, self._env.get_available_actions(), state)\n  File "/data2/nfs/wangyingqi/Cyber-Zero/enigma-plus/sweagent/agent/agents.py", line 842, in forward\n    thought, action, output = self.forward_with_error_check(observation, state)\n  File "/data2/nfs/wangyingqi/Cyber-Zero/enigma-plus/sweagent/agent/agents.py", line 1037, in forward_with_error_check\n    return self.check_format_and_requery(self.forward_model(observation, state))\n  File "/data2/nfs/wangyingqi/Cyber-Zero/enigma-plus/sweagent/agent/agents.py", line 928, in forward_model\n    return self._query_model_with_timeout(self.local_history)\n  File "/data2/nfs/wangyingqi/Cyber-Zero/enigma-plus/sweagent/agent/agents.py", line 599, in local_history\n    history = self.config.history_processor([entry for entry in self.history if entry["agent"] == self.name])\n  File "/data2/nfs/wangyingqi/Cyber-Zero/enigma-plus/sweagent/agent/agents.py", line 599, in <listcomp>\n    history = self.config.history_processor([entry for entry in self.history if entry["agent"] == self.name])\nKeyError: 'agent'\n
asisctf2013__licensekey-67ea54c051	early_exit		interrupt_failed	missing	Agent exited with early_exit	missing
asisctf2013__memdump-9eb9d41460	missing	missing	missing	missing	missing	missing
asisctf2013__pcaps-8854d61f48	missing	missing	missing	missing	missing	missing
asisctf2013__serialnumber-5427bfd18f	missing	missing	missing	parse_error	missing	missing
asisctf2013__simpleofficer-59f455959e	task_timeout	task_timeout	missing	missing	Task exceeded 3540.0s timeout	missing
asisctf2014__blocks-177567da78	missing	missing	missing	missing	missing	missing
asisctf2014__randomimage-343c139fc3	task_timeout	task_timeout	missing	missing	Task exceeded 3540.0s timeout	missing
backdoorctf2019__babyheapbackdoorctf-55394c351a	missing	missing	missing	parse_error	missing	missing
backdoorctf2019__babytcache-e47930fae9	missing	missing	missing	parse_error	missing	missing
backdoorctf2019__echo-6502dc4978	early_exit		interrupt_failed	missing	Agent exited with early_exit	missing
backdoorctf2019__forgot-00873c4f8a	missing	missing	missing	missing	missing	missing
backdoorctf2019__matrix-be4c9e1e19	early_exit		interrupt_failed	missing	Agent exited with early_exit	missing
backdoorctf2019__miscpwn-36576a5a30	early_exit		interrupt_failed	parse_error	Agent exited with early_exit	missing
backdoorctf2019__rsanne-9747e3d8d2	missing	missing	missing	missing	missing	missing
backdoorctf2019__team-d0832c1f18	missing	missing	missing	missing	missing	missing
boilers2026__badyuri-38b166a755	missing	missing	missing	missing	missing	missing
boilers2026__bike-9f39487a81	task_timeout	task_timeout	missing	parse_error	Task exceeded 3540.0s timeout	missing
boilers2026__build-a-builtin-74c3be682c	early_exit		interrupt_failed	missing	Agent exited with early_exit	missing
boilers2026__ecb-lasagna-b4be39466d	early_exit		interrupt_failed	missing	Agent exited with early_exit	missing
boilers2026__transmutation-c701b08d06	missing	missing	missing	parse_error	missing	missing
boilers2026__yaml-practice-8e281c95a2	early_exit		interrupt_failed	missing	Agent exited with early_exit	missing
breakthesyntaxctf2026__bugxxor-32cc29646c	early_exit		interrupt_failed	missing	Agent exited with early_exit	missing
breakthesyntaxctf2026__captcha-915b66cced	early_exit		interrupt_failed	missing	Agent exited with early_exit	missing
breakthesyntaxctf2026__cart-blanche-fe460cb41a	early_exit		interrupt_failed	missing	Agent exited with early_exit	missing
breakthesyntaxctf2026__crabuoros-5b0d9c15aa	missing	missing	missing	missing	missing	missing
breakthesyntaxctf2026__far-1aa5957e74	early_exit		interrupt_failed	missing	Agent exited with early_exit	missing
breakthesyntaxctf2026__fcp-58c47657e5	early_exit		interrupt_failed	missing	Agent exited with early_exit	missing
breakthesyntaxctf2026__flagchecker-63c90eda42	exit_format		missing	parse_error	Agent exited with exit_format	missing
breakthesyntaxctf2026__my-first-game-d80a8ca24f	task_timeout	task_timeout	missing	missing	Task exceeded 3540.0s timeout	missing
breakthesyntaxctf2026__pokecollector-421cd93ac7	early_exit		interrupt_failed	missing	Agent exited with early_exit	missing
breakthesyntaxctf2026__poni-barn-60c05f3343	missing	missing	missing	missing	missing	missing
breakthesyntaxctf2026__seashells-9437d583af	early_exit		interrupt_failed	missing	Agent exited with early_exit	missing
breakthesyntaxctf2026__shellcode-1-11-1ff87be40a	runner_exception	RuntimeError	missing	missing	Docker Compose startup failed with return code 1: time="2026-08-31T15:38:07+08:00" level=warning msg="/tmp/enigma-shellcode-1-11-gn15wxgr/repo/docker-compose-ecc51d4d.yml: the attribute `version` is obsolete, it will be ignored, please remove it to avoid potential confusion"\n#1 [internal] load local bake definitions\n#1 reading from stdin 799B done\n#1 DONE 0.0s\n\n#2 [internal] load build definition from Dockerfile\n#2 transferring dockerfile: 2.48kB done\n#2 DONE 0.0s\nDockerfile:9\n\n--------------------\n\n   7 |     RUN apt-get update && \\\n\n   8 |         (\n\n   9 | >>> apt-get install --no-install-recommends -yqq build-essential\n\n  10 |          || true) && (\n\n  11 |     apt-get install --no-install-recommends -yqq ca-certificates\n\n--------------------\n\nfailed to solve: dockerfile parse error on line 9: unknown instruction: apt-get\n\n	Traceback (most recent call last):\n  File "/data2/nfs/wangyingqi/Cyber-Zero/enigma-plus/run.py", line 590, in main\n    if self.run(index) is False:\n  File "/data2/nfs/wangyingqi/Cyber-Zero/enigma-plus/run.py", line 370, in run\n    observation, info = self.env.reset(index)\n  File "/data2/nfs/wangyingqi/Cyber-Zero/enigma-plus/sweagent/environment/swe_env.py", line 740, in reset\n    self._init_docker_compose()\n  File "/data2/nfs/wangyingqi/Cyber-Zero/enigma-plus/sweagent/environment/swe_env.py", line 1465, in _init_docker_compose\n    return self._init_docker_compose_impl()\n  File "/data2/nfs/wangyingqi/Cyber-Zero/enigma-plus/sweagent/environment/swe_env.py", line 1582, in _init_docker_compose_impl\n    self.docker_compose, self.port_mappings, actual_project_name = get_docker_compose(\n  File "/data2/nfs/wangyingqi/Cyber-Zero/enigma-plus/sweagent/environment/utils.py", line 1557, in get_docker_compose\n    raise e\n  File "/data2/nfs/wangyingqi/Cyber-Zero/enigma-plus/sweagent/environment/utils.py", line 1533, in get_docker_compose\n    raise RuntimeError(f"Docker Compose startup failed with return code {return_code}: {output}")\nRuntimeError: Docker Compose startup failed with return code 1: time="2026-08-31T15:38:07+08:00" level=warning msg="/tmp/enigma-shellcode-1-11-gn15wxgr/repo/docker-compose-ecc51d4d.yml: the attribute `version` is obsolete, it will be ignored, please remove it to avoid potential confusion"\n#1 [internal] load local bake definitions\n#1 reading from stdin 799B done\n#1 DONE 0.0s\n\n#2 [internal] load build definition from Dockerfile\n#2 transferring dockerfile: 2.48kB done\n#2 DONE 0.0s\nDockerfile:9\n\n--------------------\n\n   7 |     RUN apt-get update && \\\n\n   8 |         (\n\n   9 | >>> apt-get install --no-install-recommends -yqq build-essential\n\n  10 |          || true) && (\n\n  11 |     apt-get install --no-install-recommends -yqq ca-certificates\n\n--------------------\n\nfailed to solve: dockerfile parse error on line 9: unknown instruction: apt-get\n\n\n
breakthesyntaxctf2026__shellcode-2-22-29ddf870d2	runner_exception	RuntimeError	missing	missing	Docker Compose startup failed with return code 1: #1 [internal] load local bake definitions\n#1 reading from stdin 799B done\n#1 DONE 0.0s\n\n#2 [internal] load build definition from Dockerfile\n#2 transferring dockerfile: 2.64kB done\n#2 DONE 0.0s\nDockerfile:9\n\n--------------------\n\n   7 |     RUN apt-get update && \\\n\n   8 |         (\n\n   9 | >>> apt-get install --no-install-recommends -yqq build-essential\n\n  10 |          || true) && (\n\n  11 |     apt-get install --no-install-recommends -yqq ca-certificates\n\n--------------------\n\nfailed to solve: dockerfile parse error on line 9: unknown instruction: apt-get\n\n	Traceback (most recent call last):\n  File "/data2/nfs/wangyingqi/Cyber-Zero/enigma-plus/run.py", line 590, in main\n    if self.run(index) is False:\n  File "/data2/nfs/wangyingqi/Cyber-Zero/enigma-plus/run.py", line 370, in run\n    observation, info = self.env.reset(index)\n  File "/data2/nfs/wangyingqi/Cyber-Zero/enigma-plus/sweagent/environment/swe_env.py", line 740, in reset\n    self._init_docker_compose()\n  File "/data2/nfs/wangyingqi/Cyber-Zero/enigma-plus/sweagent/environment/swe_env.py", line 1465, in _init_docker_compose\n    return self._init_docker_compose_impl()\n  File "/data2/nfs/wangyingqi/Cyber-Zero/enigma-plus/sweagent/environment/swe_env.py", line 1582, in _init_docker_compose_impl\n    self.docker_compose, self.port_mappings, actual_project_name = get_docker_compose(\n  File "/data2/nfs/wangyingqi/Cyber-Zero/enigma-plus/sweagent/environment/utils.py", line 1557, in get_docker_compose\n    raise e\n  File "/data2/nfs/wangyingqi/Cyber-Zero/enigma-plus/sweagent/environment/utils.py", line 1533, in get_docker_compose\n    raise RuntimeError(f"Docker Compose startup failed with return code {return_code}: {output}")\nRuntimeError: Docker Compose startup failed with return code 1: #1 [internal] load local bake definitions\n#1 reading from stdin 799B done\n#1 DONE 0.0s\n\n#2 [internal] load build definition from Dockerfile\n#2 transferring dockerfile: 2.64kB done\n#2 DONE 0.0s\nDockerfile:9\n\n--------------------\n\n   7 |     RUN apt-get update && \\\n\n   8 |         (\n\n   9 | >>> apt-get install --no-install-recommends -yqq build-essential\n\n  10 |          || true) && (\n\n  11 |     apt-get install --no-install-recommends -yqq ca-certificates\n\n--------------------\n\nfailed to solve: dockerfile parse error on line 9: unknown instruction: apt-get\n\n\n
breakthesyntaxctf2026__stepping-stones-c406728619	missing	missing	missing	missing	missing	missing
breakthesyntaxctf2026__w-f7a5bca4c0	runner_exception	KeyError	missing	missing	'agent'	Traceback (most recent call last):\n  File "/data2/nfs/wangyingqi/Cyber-Zero/enigma-plus/sweagent/agent/agents.py", line 1373, in run\n    observation, done = self._run_step(observation)\n  File "/data2/nfs/wangyingqi/Cyber-Zero/enigma-plus/run.py", line 452, in step_limited_run_step\n    observation, done = original_run_step(observation)\n  File "/data2/nfs/wangyingqi/Cyber-Zero/enigma-plus/sweagent/agent/agents.py", line 1286, in _run_step\n    thought, action, output = self.forward(observation, self._env.get_available_actions(), state)\n  File "/data2/nfs/wangyingqi/Cyber-Zero/enigma-plus/sweagent/agent/agents.py", line 842, in forward\n    thought, action, output = self.forward_with_error_check(observation, state)\n  File "/data2/nfs/wangyingqi/Cyber-Zero/enigma-plus/sweagent/agent/agents.py", line 1037, in forward_with_error_check\n    return self.check_format_and_requery(self.forward_model(observation, state))\n  File "/data2/nfs/wangyingqi/Cyber-Zero/enigma-plus/sweagent/agent/agents.py", line 928, in forward_model\n    return self._query_model_with_timeout(self.local_history)\n  File "/data2/nfs/wangyingqi/Cyber-Zero/enigma-plus/sweagent/agent/agents.py", line 599, in local_history\n    history = self.config.history_processor([entry for entry in self.history if entry["agent"] == self.name])\n  File "/data2/nfs/wangyingqi/Cyber-Zero/enigma-plus/sweagent/agent/agents.py", line 599, in <listcomp>\n    history = self.config.history_processor([entry for entry in self.history if entry["agent"] == self.name])\nKeyError: 'agent'\n
breakthesyntaxctf2026__zabbix-15101c0a24	early_exit		interrupt_failed	parse_error	Agent exited with early_exit	missing
buckeyectf2025__character-bb62722987	exit_api		missing	missing	Agent exited with exit_api	missing
buckeyectf2025__squarecipher-327f1c739e	early_exit		interrupt_failed	missing	Agent exited with early_exit	missing
byuctf2022__ballgame-bd92ed527e	missing	missing	missing	missing	missing	missing
byuctf2022__basicrev-c8b2d7e12e	missing	missing	missing	missing	missing	missing
byuctf2022__blue-3d3e778caf	missing	missing	missing	missing	missing	missing
byuctf2022__chicken-bfa1d7b5c8	missing	missing	missing	missing	missing	missing
byuctf2022__funfact-e5f934f3a4	missing	missing	missing	missing	missing	missing
byuctf2022__qool-61535b1363	early_exit		interrupt_failed	missing	Agent exited with early_exit	missing
byuctf2022__shift-f1a1895471	missing	missing	missing	missing	missing	missing
byuctf2022__truth-4b851ce914	missing	missing	missing	missing	missing	missing
byuctf2022__xqr-3de8e92e5b	early_exit		interrupt_failed	missing	Agent exited with early_exit	missing
byuctf2023__crcconfusion-da0bc61aae	early_exit		interrupt_failed	missing	Agent exited with early_exit	missing
byuctf2023__hexadecalingo-367ffeeab2	missing	missing	missing	missing	missing	missing
byuctf2023__misc006-1-370b82f947	early_exit		interrupt_failed	missing	Agent exited with early_exit	missing
byuctf2023__misc006-2-8e440b218e	early_exit		interrupt_failed	missing	Agent exited with early_exit	missing
byuctf2023__pwn2038-da66ef2cde	early_exit		interrupt_failed	missing	Agent exited with early_exit	missing
byuctf2023__rsa1-dd8a52608a	missing	missing	missing	parse_error	missing	missing
byuctf2023__rsa2-8d1726dcb3	early_exit		interrupt_failed	missing	Agent exited with early_exit	missing
byuctf2023__rsa3-ecd24f17a7	missing	missing	missing	missing	missing	missing
byuctf2023__rsa4-00e9ffca72	missing	missing	missing	parse_error	missing	missing
byuctf2023__rsa5-539c3e2606	early_exit		interrupt_failed	missing	Agent exited with early_exit	missing
byuctf2023__xkcd2637-c37105dc04	early_exit		interrupt_failed	missing	Agent exited with early_exit	missing
byuctf2024__aresa-117f0ebf59	early_exit		interrupt_failed	parse_error	Agent exited with early_exit	missing
byuctf2024__domath-58eab79bfc	early_exit		interrupt_failed	missing	Agent exited with early_exit	missing
byuctf2024__multiplied-7f0ff56ab5	early_exit		interrupt_failed	missing	Agent exited with early_exit	missing
