0ctf2017__babyheap-ef570c4099	task_timeout	timeout	outer_timeout	-	/data2/nfs/wangyingqi/Cyber-Zero/trajectories/ctfdojo_3traj_20260830_232646/traj_001/0ctf2017__babyheap-ef570c4099/enigma_output/attempt-20260830T232905880720-22ac17c5/glm52_10__challenge__default_ctf__t-0.00__p-0.95__k-20__c-0.00__install-1/pwn_babyheap.traj	/data2/nfs/wangyingqi/Cyber-Zero/trajectories/ctfdojo_3traj_20260830_232646/traj_001/logs/0ctf2017__babyheap-ef570c4099.error.log
0ctf2017__diethard-42aa242adb	task_timeout	timeout	-	-	/data2/nfs/wangyingqi/Cyber-Zero/trajectories/ctfdojo_3traj_20260830_232646/traj_001/0ctf2017__diethard-42aa242adb/enigma_output/attempt-20260830T232905925344-03a5c104/glm52_10__challenge__default_ctf__t-0.00__p-0.95__k-20__c-0.00__install-1/pwn_diethard.traj	-
0ctf2017__easiestprintf-4f87eb0f0f	task_timeout	timeout	outer_timeout	-	/data2/nfs/wangyingqi/Cyber-Zero/trajectories/ctfdojo_3traj_20260830_232646/traj_001/0ctf2017__easiestprintf-4f87eb0f0f/enigma_output/attempt-20260830T232905972460-f278cc1a/glm52_10__challenge__default_ctf__t-0.00__p-0.95__k-20__c-0.00__install-1/pwn_easiestprintf.traj	/data2/nfs/wangyingqi/Cyber-Zero/trajectories/ctfdojo_3traj_20260830_232646/traj_001/logs/0ctf2017__easiestprintf-4f87eb0f0f.error.log
0ctf2018__blackhole-a700794e47	model_timeout	timeout	model_timeout	-	/data2/nfs/wangyingqi/Cyber-Zero/trajectories/ctfdojo_3traj_20260830_232646/traj_001/0ctf2018__blackhole-a700794e47/enigma_output/attempt-20260830T232906076193-988b927f/glm52_10__challenge__default_ctf__t-0.00__p-0.95__k-20__c-0.00__install-1/pwn_blackhole.traj	/data2/nfs/wangyingqi/Cyber-Zero/trajectories/ctfdojo_3traj_20260830_232646/traj_001/logs/0ctf2018__blackhole-a700794e47.error.log
0ctf2018__freenote2018-14294ef976	task_timeout	timeout	outer_timeout	-	/data2/nfs/wangyingqi/Cyber-Zero/trajectories/ctfdojo_3traj_20260830_232646/traj_001/0ctf2018__freenote2018-14294ef976/enigma_output/attempt-20260830T232906134395-a4e1cdbf/glm52_10__challenge__default_ctf__t-0.00__p-0.95__k-20__c-0.00__install-1/pwn_freenote2018.traj	/data2/nfs/wangyingqi/Cyber-Zero/trajectories/ctfdojo_3traj_20260830_232646/traj_001/logs/0ctf2018__freenote2018-14294ef976.error.log
0ctf2018__zerofs-a2e28d4faf	task_timeout	timeout	outer_timeout	-	/data2/nfs/wangyingqi/Cyber-Zero/trajectories/ctfdojo_3traj_20260830_232646/traj_001/0ctf2018__zerofs-a2e28d4faf/enigma_output/attempt-20260830T234254365526-2835b737/glm52_10__challenge__default_ctf__t-0.00__p-0.95__k-20__c-0.00__install-1/pwn_zerofs.traj	/data2/nfs/wangyingqi/Cyber-Zero/trajectories/ctfdojo_3traj_20260830_232646/traj_001/logs/0ctf2018__zerofs-a2e28d4faf.error.log
0ctf2019__babysandbox-7a2ec9c71b	task_timeout	timeout	outer_timeout	-	/data2/nfs/wangyingqi/Cyber-Zero/trajectories/ctfdojo_3traj_20260830_232646/traj_001/0ctf2019__babysandbox-7a2ec9c71b/enigma_output/attempt-20260831T000851651860-c89d0891/glm52_10__challenge__default_ctf__t-0.00__p-0.95__k-20__c-0.00__install-1/pwn_babysandbox.traj	/data2/nfs/wangyingqi/Cyber-Zero/trajectories/ctfdojo_3traj_20260830_232646/traj_001/logs/0ctf2019__babysandbox-7a2ec9c71b.error.log
0ctf2019__elements-12c9366ea1	task_timeout	timeout	outer_timeout	-	/data2/nfs/wangyingqi/Cyber-Zero/trajectories/ctfdojo_3traj_20260830_232646/traj_001/0ctf2019__elements-12c9366ea1/enigma_output/attempt-20260831T002745643068-1ecacbc0/glm52_10__challenge__default_ctf__t-0.00__p-0.95__k-20__c-0.00__install-1/rev_elements.traj	/data2/nfs/wangyingqi/Cyber-Zero/trajectories/ctfdojo_3traj_20260830_232646/traj_001/logs/0ctf2019__elements-12c9366ea1.error.log
0ctf2019__flropyd-09e7147194	task_timeout	timeout	outer_timeout	-	/data2/nfs/wangyingqi/Cyber-Zero/trajectories/ctfdojo_3traj_20260830_232646/traj_001/0ctf2019__flropyd-09e7147194/enigma_output/attempt-20260831T002754903193-120d84ee/glm52_10__challenge__default_ctf__t-0.00__p-0.95__k-20__c-0.00__install-1/pwn_flropyd.traj	/data2/nfs/wangyingqi/Cyber-Zero/trajectories/ctfdojo_3traj_20260830_232646/traj_001/logs/0ctf2019__flropyd-09e7147194.error.log
0ctf2019__sanitize-eaf6397f86	task_timeout	timeout	-	-	/data2/nfs/wangyingqi/Cyber-Zero/trajectories/ctfdojo_3traj_20260830_232646/traj_001/0ctf2019__sanitize-eaf6397f86/enigma_output/attempt-20260831T002908125714-624059b7/glm52_10__challenge__default_ctf__t-0.00__p-0.95__k-20__c-0.00__install-1/misc_sanitize.traj	-
0ctf2019__scanner-0dbd381bf4	task_timeout	timeout	outer_timeout	-	/data2/nfs/wangyingqi/Cyber-Zero/trajectories/ctfdojo_3traj_20260830_232646/traj_001/0ctf2019__scanner-0dbd381bf4/enigma_output/attempt-20260831T002908957711-379d0adb/glm52_10__challenge__default_ctf__t-0.00__p-0.95__k-20__c-0.00__install-1/pwn_scanner.traj	/data2/nfs/wangyingqi/Cyber-Zero/trajectories/ctfdojo_3traj_20260830_232646/traj_001/logs/0ctf2019__scanner-0dbd381bf4.error.log
0ctf2021quals__future-c15da51ded	model_timeout	timeout	model_timeout	-	/data2/nfs/wangyingqi/Cyber-Zero/trajectories/ctfdojo_3traj_20260830_232646/traj_001/0ctf2021quals__future-c15da51ded/enigma_output/attempt-20260831T005952477946-d9ebd6fd/glm52_10__challenge__default_ctf__t-0.00__p-0.95__k-20__c-0.00__install-1/rev_future.traj	/data2/nfs/wangyingqi/Cyber-Zero/trajectories/ctfdojo_3traj_20260830_232646/traj_001/logs/0ctf2021quals__future-c15da51ded.error.log
0ctf2021quals__listbook-d31dfe2bb9	task_timeout	timeout	outer_timeout	-	/data2/nfs/wangyingqi/Cyber-Zero/trajectories/ctfdojo_3traj_20260830_232646/traj_001/0ctf2021quals__listbook-d31dfe2bb9/enigma_output/attempt-20260831T010854006490-c147fb33/glm52_10__challenge__default_ctf__t-0.00__p-0.95__k-20__c-0.00__install-1/pwn_listbook.traj	/data2/nfs/wangyingqi/Cyber-Zero/trajectories/ctfdojo_3traj_20260830_232646/traj_001/logs/0ctf2021quals__listbook-d31dfe2bb9.error.log
0x41414141ctf2021__external-746d3f61e6	model_timeout	timeout	model_timeout	-	/data2/nfs/wangyingqi/Cyber-Zero/trajectories/ctfdojo_3traj_20260830_232646/traj_001/0x41414141ctf2021__external-746d3f61e6/enigma_output/attempt-20260831T012757236292-6c2ee6b5/glm52_10__challenge__default_ctf__t-0.00__p-0.95__k-20__c-0.00__install-1/pwn_external.traj	/data2/nfs/wangyingqi/Cyber-Zero/trajectories/ctfdojo_3traj_20260830_232646/traj_001/logs/0x41414141ctf2021__external-746d3f61e6.error.log
0x41414141ctf2021__factorize-4ce5db5bbd	model_timeout	timeout	model_timeout	-	/data2/nfs/wangyingqi/Cyber-Zero/trajectories/ctfdojo_3traj_20260830_232646/traj_001/0x41414141ctf2021__factorize-4ce5db5bbd/enigma_output/attempt-20260831T012908687287-25dcb76d/glm52_10__challenge__default_ctf__t-0.00__p-0.95__k-20__c-0.00__install-1/crypto_factorize.traj	/data2/nfs/wangyingqi/Cyber-Zero/trajectories/ctfdojo_3traj_20260830_232646/traj_001/logs/0x41414141ctf2021__factorize-4ce5db5bbd.error.log
0x41414141ctf2021__hash-b748990301	task_timeout	timeout	outer_timeout	-	/data2/nfs/wangyingqi/Cyber-Zero/trajectories/ctfdojo_3traj_20260830_232646/traj_001/0x41414141ctf2021__hash-b748990301/enigma_output/attempt-20260831T012951737299-cc9e1f7a/glm52_10__challenge__default_ctf__t-0.00__p-0.95__k-20__c-0.00__install-1/rev_hash.traj	/data2/nfs/wangyingqi/Cyber-Zero/trajectories/ctfdojo_3traj_20260830_232646/traj_001/logs/0x41414141ctf2021__hash-b748990301.error.log
0x41414141ctf2021__pyjail-3fc3bf1e4c	task_timeout	timeout	outer_timeout	-	/data2/nfs/wangyingqi/Cyber-Zero/trajectories/ctfdojo_3traj_20260830_232646/traj_001/0x41414141ctf2021__pyjail-3fc3bf1e4c/enigma_output/attempt-20260831T013555082463-b707dfc4/glm52_10__challenge__default_ctf__t-0.00__p-0.95__k-20__c-0.00__install-1/misc_pyjail.traj	/data2/nfs/wangyingqi/Cyber-Zero/trajectories/ctfdojo_3traj_20260830_232646/traj_001/logs/0x41414141ctf2021__pyjail-3fc3bf1e4c.error.log
0x41414141ctf2021__shjail-d0e3540001	task_timeout	timeout	outer_timeout	-	/data2/nfs/wangyingqi/Cyber-Zero/trajectories/ctfdojo_3traj_20260830_232646/traj_001/0x41414141ctf2021__shjail-d0e3540001/enigma_output/attempt-20260831T014950556143-d5afe9e3/glm52_10__challenge__default_ctf__t-0.00__p-0.95__k-20__c-0.00__install-1/misc_shjail.traj	/data2/nfs/wangyingqi/Cyber-Zero/trajectories/ctfdojo_3traj_20260830_232646/traj_001/logs/0x41414141ctf2021__shjail-d0e3540001.error.log
0x41414141ctf2021__soul-8e07deb4ca	task_timeout	timeout	outer_timeout	-	/data2/nfs/wangyingqi/Cyber-Zero/trajectories/ctfdojo_3traj_20260830_232646/traj_001/0x41414141ctf2021__soul-8e07deb4ca/enigma_output/attempt-20260831T015056187237-071004e0/glm52_10__challenge__default_ctf__t-0.00__p-0.95__k-20__c-0.00__install-1/crypto_soul.traj	/data2/nfs/wangyingqi/Cyber-Zero/trajectories/ctfdojo_3traj_20260830_232646/traj_001/logs/0x41414141ctf2021__soul-8e07deb4ca.error.log
0x41414141ctf2021__staple-aes-58ef1c4117	task_timeout	timeout	outer_timeout	-	/data2/nfs/wangyingqi/Cyber-Zero/trajectories/ctfdojo_3traj_20260830_232646/traj_001/0x41414141ctf2021__staple-aes-58ef1c4117/enigma_output/attempt-20260831T020850397034-f4cab406/glm52_10__challenge__default_ctf__t-0.00__p-0.95__k-20__c-0.00__install-1/crypto_stapleaes.traj	/data2/nfs/wangyingqi/Cyber-Zero/trajectories/ctfdojo_3traj_20260830_232646/traj_001/logs/0x41414141ctf2021__staple-aes-58ef1c4117.error.log
0x41414141ctf2021__wallet-905c1e0477	task_timeout	timeout	outer_timeout	-	/data2/nfs/wangyingqi/Cyber-Zero/trajectories/ctfdojo_3traj_20260830_232646/traj_001/0x41414141ctf2021__wallet-905c1e0477/enigma_output/attempt-20260831T021040023540-8e0c65fd/glm52_10__challenge__default_ctf__t-0.00__p-0.95__k-20__c-0.00__install-1/crypto_wallet.traj	/data2/nfs/wangyingqi/Cyber-Zero/trajectories/ctfdojo_3traj_20260830_232646/traj_001/logs/0x41414141ctf2021__wallet-905c1e0477.error.log
0x41414141ctf2021__x-and-or-9c2d086dd6	task_timeout	timeout	-	-	/data2/nfs/wangyingqi/Cyber-Zero/trajectories/ctfdojo_3traj_20260830_232646/traj_001/0x41414141ctf2021__x-and-or-9c2d086dd6/enigma_output/attempt-20260831T021804721058-5445d684/glm52_10__challenge__default_ctf__t-0.00__p-0.95__k-20__c-0.00__install-1/rev_xandor.traj	-
0xl4ugh__spiralfloats-480319c59e	task_timeout	timeout	outer_timeout	-	/data2/nfs/wangyingqi/Cyber-Zero/trajectories/ctfdojo_3traj_20260830_232646/traj_001/0xl4ugh__spiralfloats-480319c59e/enigma_output/attempt-20260831T024328881146-8f717861/glm52_10__challenge__default_ctf__t-0.00__p-0.95__k-20__c-0.00__install-1/crypto_spiralfloats.traj	/data2/nfs/wangyingqi/Cyber-Zero/trajectories/ctfdojo_3traj_20260830_232646/traj_001/logs/0xl4ugh__spiralfloats-480319c59e.error.log
29c3ctf2012__findthekey-5fb9571cbc	task_timeout	timeout	outer_timeout	-	/data2/nfs/wangyingqi/Cyber-Zero/trajectories/ctfdojo_3traj_20260830_232646/traj_001/29c3ctf2012__findthekey-5fb9571cbc/enigma_output/attempt-20260831T024707850067-4192e23d/glm52_10__challenge__default_ctf__t-0.00__p-0.95__k-20__c-0.00__install-1/rev_findthekey.traj	/data2/nfs/wangyingqi/Cyber-Zero/trajectories/ctfdojo_3traj_20260830_232646/traj_001/logs/29c3ctf2012__findthekey-5fb9571cbc.error.log
29c3ctf2012__memcached-f9aad9fca1	task_timeout	timeout	outer_timeout	-	/data2/nfs/wangyingqi/Cyber-Zero/trajectories/ctfdojo_3traj_20260830_232646/traj_001/29c3ctf2012__memcached-f9aad9fca1/enigma_output/attempt-20260831T025059421319-246b1519/glm52_10__challenge__default_ctf__t-0.00__p-0.95__k-20__c-0.00__install-1/pwn_memcached.traj	/data2/nfs/wangyingqi/Cyber-Zero/trajectories/ctfdojo_3traj_20260830_232646/traj_001/logs/29c3ctf2012__memcached-f9aad9fca1.error.log
29c3ctf2012__proxy-3bc02960ae	task_timeout	timeout	outer_timeout	-	/data2/nfs/wangyingqi/Cyber-Zero/trajectories/ctfdojo_3traj_20260830_232646/traj_001/29c3ctf2012__proxy-3bc02960ae/enigma_output/attempt-20260831T030013925149-428b2339/glm52_10__challenge__default_ctf__t-0.00__p-0.95__k-20__c-0.00__install-1/pwn_proxy.traj	/data2/nfs/wangyingqi/Cyber-Zero/trajectories/ctfdojo_3traj_20260830_232646/traj_001/logs/29c3ctf2012__proxy-3bc02960ae.error.log
29c3ctf2012__ru1337-2cd33da820	task_timeout	timeout	outer_timeout	-	/data2/nfs/wangyingqi/Cyber-Zero/trajectories/ctfdojo_3traj_20260830_232646/traj_001/29c3ctf2012__ru1337-2cd33da820/enigma_output/attempt-20260831T030853973671-7a7b2faf/glm52_10__challenge__default_ctf__t-0.00__p-0.95__k-20__c-0.00__install-1/pwn_ru1337.traj	/data2/nfs/wangyingqi/Cyber-Zero/trajectories/ctfdojo_3traj_20260830_232646/traj_001/logs/29c3ctf2012__ru1337-2cd33da820.error.log
29c3ctf2012__updateserver-e48874c439	task_timeout	timeout	outer_timeout	-	/data2/nfs/wangyingqi/Cyber-Zero/trajectories/ctfdojo_3traj_20260830_232646/traj_001/29c3ctf2012__updateserver-e48874c439/enigma_output/attempt-20260831T031043591060-12dbe8ba/glm52_10__challenge__default_ctf__t-0.00__p-0.95__k-20__c-0.00__install-1/pwn_updateserver.traj	/data2/nfs/wangyingqi/Cyber-Zero/trajectories/ctfdojo_3traj_20260830_232646/traj_001/logs/29c3ctf2012__updateserver-e48874c439.error.log
accessdeniedctf2022__babyc-c2078a26dd	task_timeout	timeout	outer_timeout	-	/data2/nfs/wangyingqi/Cyber-Zero/trajectories/ctfdojo_3traj_20260830_232646/traj_001/accessdeniedctf2022__babyc-c2078a26dd/enigma_output/attempt-20260831T031756894464-2112ff84/glm52_10__challenge__default_ctf__t-0.00__p-0.95__k-20__c-0.00__install-1/misc_babyc.traj	/data2/nfs/wangyingqi/Cyber-Zero/trajectories/ctfdojo_3traj_20260830_232646/traj_001/logs/accessdeniedctf2022__babyc-c2078a26dd.error.log
accessdeniedctf2022__binary-3e6741a647	task_timeout	timeout	outer_timeout	-	/data2/nfs/wangyingqi/Cyber-Zero/trajectories/ctfdojo_3traj_20260830_232646/traj_001/accessdeniedctf2022__binary-3e6741a647/enigma_output/attempt-20260831T034332189824-844b345a/glm52_10__challenge__default_ctf__t-0.00__p-0.95__k-20__c-0.00__install-1/rev_binary.traj	/data2/nfs/wangyingqi/Cyber-Zero/trajectories/ctfdojo_3traj_20260830_232646/traj_001/logs/accessdeniedctf2022__binary-3e6741a647.error.log
accessdeniedctf2022__enormous-6a940f987e	task_timeout	timeout	outer_timeout	-	/data2/nfs/wangyingqi/Cyber-Zero/trajectories/ctfdojo_3traj_20260830_232646/traj_001/accessdeniedctf2022__enormous-6a940f987e/enigma_output/attempt-20260831T035102800440-013509da/glm52_10__challenge__default_ctf__t-0.00__p-0.95__k-20__c-0.00__install-1/rev_enormous.traj	/data2/nfs/wangyingqi/Cyber-Zero/trajectories/ctfdojo_3traj_20260830_232646/traj_001/logs/accessdeniedctf2022__enormous-6a940f987e.error.log
accessdeniedctf2022__llvm-a48f8b792b	task_timeout	timeout	-	-	/data2/nfs/wangyingqi/Cyber-Zero/trajectories/ctfdojo_3traj_20260830_232646/traj_001/accessdeniedctf2022__llvm-a48f8b792b/enigma_output/attempt-20260831T035136124974-2b733f4c/glm52_10__challenge__default_ctf__t-0.00__p-0.95__k-20__c-0.00__install-1/rev_llvm.traj	-
accessdeniedctf2022__ret2system-7ee678ed27	task_timeout	timeout	outer_timeout	-	/data2/nfs/wangyingqi/Cyber-Zero/trajectories/ctfdojo_3traj_20260830_232646/traj_001/accessdeniedctf2022__ret2system-7ee678ed27/enigma_output/attempt-20260831T040200947614-4dec3c86/glm52_10__challenge__default_ctf__t-0.00__p-0.95__k-20__c-0.00__install-1/pwn_ret2system.traj	/data2/nfs/wangyingqi/Cyber-Zero/trajectories/ctfdojo_3traj_20260830_232646/traj_001/logs/accessdeniedctf2022__ret2system-7ee678ed27.error.log
accessdeniedctf2022__rsa1-c8bd10fa8c	task_timeout	timeout	outer_timeout	-	/data2/nfs/wangyingqi/Cyber-Zero/trajectories/ctfdojo_3traj_20260830_232646/traj_001/accessdeniedctf2022__rsa1-c8bd10fa8c/enigma_output/attempt-20260831T040857737820-4749f38e/glm52_10__challenge__default_ctf__t-0.00__p-0.95__k-20__c-0.00__install-1/crypto_rsa1.traj	/data2/nfs/wangyingqi/Cyber-Zero/trajectories/ctfdojo_3traj_20260830_232646/traj_001/logs/accessdeniedctf2022__rsa1-c8bd10fa8c.error.log
accessdeniedctf2022__rsa3-f4b61fe1f1	task_timeout	timeout	-	-	/data2/nfs/wangyingqi/Cyber-Zero/trajectories/ctfdojo_3traj_20260830_232646/traj_001/accessdeniedctf2022__rsa3-f4b61fe1f1/enigma_output/attempt-20260831T041800376494-56833f41/glm52_10__challenge__default_ctf__t-0.00__p-0.95__k-20__c-0.00__install-1/crypto_rsa3.traj	-
amateursctf__addition-124a8519eb	task_timeout	timeout	-	-	/data2/nfs/wangyingqi/Cyber-Zero/trajectories/ctfdojo_3traj_20260830_232646/traj_001/amateursctf__addition-124a8519eb/enigma_output/attempt-20260831T045106460447-550bb5da/glm52_10__challenge__default_ctf__t-0.00__p-0.95__k-20__c-0.00__install-1/crypto_addition.traj	-
amateursctf__normal-d7682fea15	task_timeout	timeout	outer_timeout	-	/data2/nfs/wangyingqi/Cyber-Zero/trajectories/ctfdojo_3traj_20260830_232646/traj_001/amateursctf__normal-d7682fea15/enigma_output/attempt-20260831T045327081129-fb3610d7/glm52_10__challenge__default_ctf__t-0.00__p-0.95__k-20__c-0.00__install-1/rev_normal.traj	/data2/nfs/wangyingqi/Cyber-Zero/trajectories/ctfdojo_3traj_20260830_232646/traj_001/logs/amateursctf__normal-d7682fea15.error.log
amateursctf__piano-ecf34098a0	task_timeout	timeout	outer_timeout	-	/data2/nfs/wangyingqi/Cyber-Zero/trajectories/ctfdojo_3traj_20260830_232646/traj_001/amateursctf__piano-ecf34098a0/enigma_output/attempt-20260831T045341240809-ec2c744a/glm52_10__challenge__default_ctf__t-0.00__p-0.95__k-20__c-0.00__install-1/misc_piano.traj	/data2/nfs/wangyingqi/Cyber-Zero/trajectories/ctfdojo_3traj_20260830_232646/traj_001/logs/amateursctf__piano-ecf34098a0.error.log
amateursctf__uncrackable-c1d77ff9b8	task_timeout	timeout	outer_timeout	-	/data2/nfs/wangyingqi/Cyber-Zero/trajectories/ctfdojo_3traj_20260830_232646/traj_001/amateursctf__uncrackable-c1d77ff9b8/enigma_output/attempt-20260831T050205008067-51f101c3/glm52_10__challenge__default_ctf__t-0.00__p-0.95__k-20__c-0.00__install-1/crypto_uncrackable.traj	/data2/nfs/wangyingqi/Cyber-Zero/trajectories/ctfdojo_3traj_20260830_232646/traj_001/logs/amateursctf__uncrackable-c1d77ff9b8.error.log
angstromctf2016__amoebananas-096ba93b9b	task_timeout	timeout	outer_timeout	-	/data2/nfs/wangyingqi/Cyber-Zero/trajectories/ctfdojo_3traj_20260830_232646/traj_001/angstromctf2016__amoebananas-096ba93b9b/enigma_output/attempt-20260831T050901475200-1ad4cde4/glm52_10__challenge__default_ctf__t-0.00__p-0.95__k-20__c-0.00__install-1/web_amoebananas.traj	/data2/nfs/wangyingqi/Cyber-Zero/trajectories/ctfdojo_3traj_20260830_232646/traj_001/logs/angstromctf2016__amoebananas-096ba93b9b.error.log
angstromctf2016__artifact-8f4115f2bd	task_timeout	timeout	outer_timeout	-	/data2/nfs/wangyingqi/Cyber-Zero/trajectories/ctfdojo_3traj_20260830_232646/traj_001/angstromctf2016__artifact-8f4115f2bd/enigma_output/attempt-20260831T051458646575-90cb88ed/glm52_10__challenge__default_ctf__t-0.00__p-0.95__k-20__c-0.00__install-1/crypto_artifact.traj	/data2/nfs/wangyingqi/Cyber-Zero/trajectories/ctfdojo_3traj_20260830_232646/traj_001/logs/angstromctf2016__artifact-8f4115f2bd.error.log
angstromctf2016__asmtracing-66ce8a074b	task_timeout	timeout	outer_timeout	-	/data2/nfs/wangyingqi/Cyber-Zero/trajectories/ctfdojo_3traj_20260830_232646/traj_001/angstromctf2016__asmtracing-66ce8a074b/enigma_output/attempt-20260831T051727375680-de7bf867/glm52_10__challenge__default_ctf__t-0.00__p-0.95__k-20__c-0.00__install-1/rev_asmtracing.traj	/data2/nfs/wangyingqi/Cyber-Zero/trajectories/ctfdojo_3traj_20260830_232646/traj_001/logs/angstromctf2016__asmtracing-66ce8a074b.error.log
angstromctf2016__casino-005b859d7b	task_timeout	timeout	outer_timeout	-	/data2/nfs/wangyingqi/Cyber-Zero/trajectories/ctfdojo_3traj_20260830_232646/traj_001/angstromctf2016__casino-005b859d7b/enigma_output/attempt-20260831T051742364422-00882ed8/glm52_10__challenge__default_ctf__t-0.00__p-0.95__k-20__c-0.00__install-1/crypto_casino.traj	/data2/nfs/wangyingqi/Cyber-Zero/trajectories/ctfdojo_3traj_20260830_232646/traj_001/logs/angstromctf2016__casino-005b859d7b.error.log
angstromctf2016__cipher-44e22b336f	task_timeout	timeout	-	-	/data2/nfs/wangyingqi/Cyber-Zero/trajectories/ctfdojo_3traj_20260830_232646/traj_001/angstromctf2016__cipher-44e22b336f/enigma_output/attempt-20260831T055104774175-50773146/glm52_10__challenge__default_ctf__t-0.00__p-0.95__k-20__c-0.00__install-1/rev_cipher.traj	-
angstromctf2016__client-fda76b713e	task_timeout	timeout	outer_timeout	-	/data2/nfs/wangyingqi/Cyber-Zero/trajectories/ctfdojo_3traj_20260830_232646/traj_001/angstromctf2016__client-fda76b713e/enigma_output/attempt-20260831T055331188657-c11a5a04/glm52_10__challenge__default_ctf__t-0.00__p-0.95__k-20__c-0.00__install-1/web_client.traj	/data2/nfs/wangyingqi/Cyber-Zero/trajectories/ctfdojo_3traj_20260830_232646/traj_001/logs/angstromctf2016__client-fda76b713e.error.log
angstromctf2016__drag-6b2e194935	task_timeout	timeout	outer_timeout	-	/data2/nfs/wangyingqi/Cyber-Zero/trajectories/ctfdojo_3traj_20260830_232646/traj_001/angstromctf2016__drag-6b2e194935/enigma_output/attempt-20260831T055344747765-2f604502/glm52_10__challenge__default_ctf__t-0.00__p-0.95__k-20__c-0.00__install-1/misc_drag.traj	/data2/nfs/wangyingqi/Cyber-Zero/trajectories/ctfdojo_3traj_20260830_232646/traj_001/logs/angstromctf2016__drag-6b2e194935.error.log
angstromctf2016__endian-d1fb7a611d	task_timeout	timeout	outer_timeout	-	/data2/nfs/wangyingqi/Cyber-Zero/trajectories/ctfdojo_3traj_20260830_232646/traj_001/angstromctf2016__endian-d1fb7a611d/enigma_output/attempt-20260831T060209010269-92d7b02f/glm52_10__challenge__default_ctf__t-0.00__p-0.95__k-20__c-0.00__install-1/pwn_endian.traj	/data2/nfs/wangyingqi/Cyber-Zero/trajectories/ctfdojo_3traj_20260830_232646/traj_001/logs/angstromctf2016__endian-d1fb7a611d.error.log
angstromctf2016__hamlet-93c4f5aa7c	task_timeout	timeout	outer_timeout	-	/data2/nfs/wangyingqi/Cyber-Zero/trajectories/ctfdojo_3traj_20260830_232646/traj_001/angstromctf2016__hamlet-93c4f5aa7c/enigma_output/attempt-20260831T061746357033-5841a4be/glm52_10__challenge__default_ctf__t-0.00__p-0.95__k-20__c-0.00__install-1/crypto_hamlet.traj	/data2/nfs/wangyingqi/Cyber-Zero/trajectories/ctfdojo_3traj_20260830_232646/traj_001/logs/angstromctf2016__hamlet-93c4f5aa7c.error.log
angstromctf2016__headsup-f6dcaaefbd	task_timeout	timeout	outer_timeout	-	/data2/nfs/wangyingqi/Cyber-Zero/trajectories/ctfdojo_3traj_20260830_232646/traj_001/angstromctf2016__headsup-f6dcaaefbd/enigma_output/attempt-20260831T063824436200-1501c446/glm52_10__challenge__default_ctf__t-0.00__p-0.95__k-20__c-0.00__install-1/forensics_headsup.traj	/data2/nfs/wangyingqi/Cyber-Zero/trajectories/ctfdojo_3traj_20260830_232646/traj_001/logs/angstromctf2016__headsup-f6dcaaefbd.error.log
angstromctf2016__helpcenter-40af403593	task_timeout	timeout	outer_timeout	-	/data2/nfs/wangyingqi/Cyber-Zero/trajectories/ctfdojo_3traj_20260830_232646/traj_001/angstromctf2016__helpcenter-40af403593/enigma_output/attempt-20260831T065059817424-07adf196/glm52_10__challenge__default_ctf__t-0.00__p-0.95__k-20__c-0.00__install-1/crypto_helpcenter.traj	/data2/nfs/wangyingqi/Cyber-Zero/trajectories/ctfdojo_3traj_20260830_232646/traj_001/logs/angstromctf2016__helpcenter-40af403593.error.log
angstromctf2016__javabest-1cead26f71	task_timeout	timeout	task_timeout	-	/data2/nfs/wangyingqi/Cyber-Zero/trajectories/ctfdojo_3traj_20260830_232646/traj_001/angstromctf2016__javabest-1cead26f71/enigma_output/attempt-20260831T065438640906-6de313a1/glm52_10__challenge__default_ctf__t-0.00__p-0.95__k-20__c-0.00__install-1/rev_javabest.traj	/data2/nfs/wangyingqi/Cyber-Zero/trajectories/ctfdojo_3traj_20260830_232646/traj_001/logs/angstromctf2016__javabest-1cead26f71.error.log
angstromctf2016__metasploit-b5a599dd2b	task_timeout	timeout	outer_timeout	-	/data2/nfs/wangyingqi/Cyber-Zero/trajectories/ctfdojo_3traj_20260830_232646/traj_001/angstromctf2016__metasploit-b5a599dd2b/enigma_output/attempt-20260831T065759357949-a8d3010e/glm52_10__challenge__default_ctf__t-0.00__p-0.95__k-20__c-0.00__install-1/forensics_metasploit.traj	/data2/nfs/wangyingqi/Cyber-Zero/trajectories/ctfdojo_3traj_20260830_232646/traj_001/logs/angstromctf2016__metasploit-b5a599dd2b.error.log
angstromctf2016__music-b0dab2ba47	task_timeout	timeout	outer_timeout	-	/data2/nfs/wangyingqi/Cyber-Zero/trajectories/ctfdojo_3traj_20260830_232646/traj_001/angstromctf2016__music-b0dab2ba47/enigma_output/attempt-20260831T070122782899-52ec7f97/glm52_10__challenge__default_ctf__t-0.00__p-0.95__k-20__c-0.00__install-1/forensics_music.traj	/data2/nfs/wangyingqi/Cyber-Zero/trajectories/ctfdojo_3traj_20260830_232646/traj_001/logs/angstromctf2016__music-b0dab2ba47.error.log
angstromctf2016__oops-70e3217050	task_timeout	timeout	outer_timeout	-	/data2/nfs/wangyingqi/Cyber-Zero/trajectories/ctfdojo_3traj_20260830_232646/traj_001/angstromctf2016__oops-70e3217050/enigma_output/attempt-20260831T070212889535-2f044221/glm52_10__challenge__default_ctf__t-0.00__p-0.95__k-20__c-0.00__install-1/forensics_oops.traj	/data2/nfs/wangyingqi/Cyber-Zero/trajectories/ctfdojo_3traj_20260830_232646/traj_001/logs/angstromctf2016__oops-70e3217050.error.log
angstromctf2016__yankovic-b42c352709	task_timeout	timeout	outer_timeout	-	/data2/nfs/wangyingqi/Cyber-Zero/trajectories/ctfdojo_3traj_20260830_232646/traj_001/angstromctf2016__yankovic-b42c352709/enigma_output/attempt-20260831T072025836392-b4a2fe07/glm52_10__challenge__default_ctf__t-0.00__p-0.95__k-20__c-0.00__install-1/forensics_yankovic.traj	/data2/nfs/wangyingqi/Cyber-Zero/trajectories/ctfdojo_3traj_20260830_232646/traj_001/logs/angstromctf2016__yankovic-b42c352709.error.log
angstromctf2017__knockknock-12b3cb841a	task_timeout	timeout	-	-	/data2/nfs/wangyingqi/Cyber-Zero/trajectories/ctfdojo_3traj_20260830_232646/traj_001/angstromctf2017__knockknock-12b3cb841a/enigma_output/attempt-20260831T073829183236-2271080e/glm52_10__challenge__default_ctf__t-0.00__p-0.95__k-20__c-0.00__install-1/crypto_knockknock.traj	-
angstromctf2017__substitutioncipher-ca399c5f69	task_timeout	timeout	outer_timeout	-	/data2/nfs/wangyingqi/Cyber-Zero/trajectories/ctfdojo_3traj_20260830_232646/traj_001/angstromctf2017__substitutioncipher-ca399c5f69/enigma_output/attempt-20260831T075626242808-b98ca34b/glm52_10__challenge__default_ctf__t-0.00__p-0.95__k-20__c-0.00__install-1/crypto_substitutioncipher.traj	/data2/nfs/wangyingqi/Cyber-Zero/trajectories/ctfdojo_3traj_20260830_232646/traj_001/logs/angstromctf2017__substitutioncipher-ca399c5f69.error.log
angstromctf2018__accumulator-b786e674d5	task_timeout	timeout	-	-	/data2/nfs/wangyingqi/Cyber-Zero/trajectories/ctfdojo_3traj_20260830_232646/traj_001/angstromctf2018__accumulator-b786e674d5/enigma_output/attempt-20260831T075804283039-37ee1f6d/glm52_10__challenge__default_ctf__t-0.00__p-0.95__k-20__c-0.00__install-1/pwn_accumulator.traj	-
angstromctf2018__backtobasics-26f0cc5580	task_timeout	timeout	outer_timeout	-	/data2/nfs/wangyingqi/Cyber-Zero/trajectories/ctfdojo_3traj_20260830_232646/traj_001/angstromctf2018__backtobasics-26f0cc5580/enigma_output/attempt-20260831T075957513208-85be400e/glm52_10__challenge__default_ctf__t-0.00__p-0.95__k-20__c-0.00__install-1/crypto_backtobasics.traj	/data2/nfs/wangyingqi/Cyber-Zero/trajectories/ctfdojo_3traj_20260830_232646/traj_001/logs/angstromctf2018__backtobasics-26f0cc5580.error.log
angstromctf2018__introtorsa-add58986dd	task_timeout	timeout	outer_timeout	-	/data2/nfs/wangyingqi/Cyber-Zero/trajectories/ctfdojo_3traj_20260830_232646/traj_001/angstromctf2018__introtorsa-add58986dd/enigma_output/attempt-20260831T080218564423-ef0964d3/glm52_10__challenge__default_ctf__t-0.00__p-0.95__k-20__c-0.00__install-1/crypto_introtorsa.traj	/data2/nfs/wangyingqi/Cyber-Zero/trajectories/ctfdojo_3traj_20260830_232646/traj_001/logs/angstromctf2018__introtorsa-add58986dd.error.log
angstromctf2018__productkey-5ef6242f8d	task_timeout	timeout	-	-	/data2/nfs/wangyingqi/Cyber-Zero/trajectories/ctfdojo_3traj_20260830_232646/traj_001/angstromctf2018__productkey-5ef6242f8d/enigma_output/attempt-20260831T082030873231-225a58b5/glm52_10__challenge__default_ctf__t-0.00__p-0.95__k-20__c-0.00__install-1/rev_productkey.traj	-
angstromctf2018__rev1-45eef2a6ef	task_timeout	timeout	outer_timeout	-	/data2/nfs/wangyingqi/Cyber-Zero/trajectories/ctfdojo_3traj_20260830_232646/traj_001/angstromctf2018__rev1-45eef2a6ef/enigma_output/attempt-20260831T082514955741-4bddc22f/glm52_10__challenge__default_ctf__t-0.00__p-0.95__k-20__c-0.00__install-1/rev_rev1.traj	/data2/nfs/wangyingqi/Cyber-Zero/trajectories/ctfdojo_3traj_20260830_232646/traj_001/logs/angstromctf2018__rev1-45eef2a6ef.error.log
angstromctf2018__rev2-9845185ea0	task_timeout	timeout	outer_timeout	-	/data2/nfs/wangyingqi/Cyber-Zero/trajectories/ctfdojo_3traj_20260830_232646/traj_001/angstromctf2018__rev2-9845185ea0/enigma_output/attempt-20260831T083811365205-8de2fdbc/glm52_10__challenge__default_ctf__t-0.00__p-0.95__k-20__c-0.00__install-1/rev_rev2.traj	/data2/nfs/wangyingqi/Cyber-Zero/trajectories/ctfdojo_3traj_20260830_232646/traj_001/logs/angstromctf2018__rev2-9845185ea0.error.log
angstromctf2018__rev3-1e44c64790	task_timeout	timeout	outer_timeout	-	/data2/nfs/wangyingqi/Cyber-Zero/trajectories/ctfdojo_3traj_20260830_232646/traj_001/angstromctf2018__rev3-1e44c64790/enigma_output/attempt-20260831T085110164464-31631194/glm52_10__challenge__default_ctf__t-0.00__p-0.95__k-20__c-0.00__install-1/rev_rev3.traj	/data2/nfs/wangyingqi/Cyber-Zero/trajectories/ctfdojo_3traj_20260830_232646/traj_001/logs/angstromctf2018__rev3-1e44c64790.error.log
angstromctf2018__waldo2-3bfdd063fe	task_timeout	timeout	-	-	/data2/nfs/wangyingqi/Cyber-Zero/trajectories/ctfdojo_3traj_20260830_232646/traj_001/angstromctf2018__waldo2-3bfdd063fe/enigma_output/attempt-20260831T085631529138-d834218e/glm52_10__challenge__default_ctf__t-0.00__p-0.95__k-20__c-0.00__install-1/misc_waldo2.traj	-
angstromctf2018__warmup-bc9612f0eb	task_timeout	timeout	outer_timeout	-	/data2/nfs/wangyingqi/Cyber-Zero/trajectories/ctfdojo_3traj_20260830_232646/traj_001/angstromctf2018__warmup-bc9612f0eb/enigma_output/attempt-20260831T085746601532-3caa1192/glm52_10__challenge__default_ctf__t-0.00__p-0.95__k-20__c-0.00__install-1/misc_warmup.traj	/data2/nfs/wangyingqi/Cyber-Zero/trajectories/ctfdojo_3traj_20260830_232646/traj_001/logs/angstromctf2018__warmup-bc9612f0eb.error.log
angstromctf2018__weirdmessage-07aea4dffe	task_timeout	timeout	-	-	/data2/nfs/wangyingqi/Cyber-Zero/trajectories/ctfdojo_3traj_20260830_232646/traj_001/angstromctf2018__weirdmessage-07aea4dffe/enigma_output/attempt-20260831T090224022843-bc60c388/glm52_10__challenge__default_ctf__t-0.00__p-0.95__k-20__c-0.00__install-1/misc_weirdmessage.traj	-
angstromctf2018__xor-609f529d0c	task_timeout	timeout	outer_timeout	-	/data2/nfs/wangyingqi/Cyber-Zero/trajectories/ctfdojo_3traj_20260830_232646/traj_001/angstromctf2018__xor-609f529d0c/enigma_output/attempt-20260831T090721174600-6dc11f19/glm52_10__challenge__default_ctf__t-0.00__p-0.95__k-20__c-0.00__install-1/crypto_xor.traj	/data2/nfs/wangyingqi/Cyber-Zero/trajectories/ctfdojo_3traj_20260830_232646/traj_001/logs/angstromctf2018__xor-609f529d0c.error.log
angstromctf2019__blankpaper-bb8f8e957e	task_timeout	timeout	outer_timeout	-	/data2/nfs/wangyingqi/Cyber-Zero/trajectories/ctfdojo_3traj_20260830_232646/traj_001/angstromctf2019__blankpaper-bb8f8e957e/enigma_output/attempt-20260831T092019726826-f101df8e/glm52_10__challenge__default_ctf__t-0.00__p-0.95__k-20__c-0.00__install-1/misc_blankpaper.traj	/data2/nfs/wangyingqi/Cyber-Zero/trajectories/ctfdojo_3traj_20260830_232646/traj_001/logs/angstromctf2019__blankpaper-bb8f8e957e.error.log
angstromctf2019__chainofrope-8b0704bdad	task_timeout	timeout	outer_timeout	-	/data2/nfs/wangyingqi/Cyber-Zero/trajectories/ctfdojo_3traj_20260830_232646/traj_001/angstromctf2019__chainofrope-8b0704bdad/enigma_output/attempt-20260831T092520655759-eb73b93d/glm52_10__challenge__default_ctf__t-0.00__p-0.95__k-20__c-0.00__install-1/pwn_chainofrope.traj	/data2/nfs/wangyingqi/Cyber-Zero/trajectories/ctfdojo_3traj_20260830_232646/traj_001/logs/angstromctf2019__chainofrope-8b0704bdad.error.log
angstromctf2019__highqualitychecks-ab61aea249	task_timeout	timeout	outer_timeout	-	/data2/nfs/wangyingqi/Cyber-Zero/trajectories/ctfdojo_3traj_20260830_232646/traj_001/angstromctf2019__highqualitychecks-ab61aea249/enigma_output/attempt-20260831T093816754705-5b1a0154/glm52_10__challenge__default_ctf__t-0.00__p-0.95__k-20__c-0.00__install-1/rev_highqualitychecks.traj	/data2/nfs/wangyingqi/Cyber-Zero/trajectories/ctfdojo_3traj_20260830_232646/traj_001/logs/angstromctf2019__highqualitychecks-ab61aea249.error.log
angstromctf2019__icthyo-7b55ea7694	task_timeout	timeout	outer_timeout	-	/data2/nfs/wangyingqi/Cyber-Zero/trajectories/ctfdojo_3traj_20260830_232646/traj_001/angstromctf2019__icthyo-7b55ea7694/enigma_output/attempt-20260831T095115644568-c317ecf5/glm52_10__challenge__default_ctf__t-0.00__p-0.95__k-20__c-0.00__install-1/rev_icthyo.traj	/data2/nfs/wangyingqi/Cyber-Zero/trajectories/ctfdojo_3traj_20260830_232646/traj_001/logs/angstromctf2019__icthyo-7b55ea7694.error.log
angstromctf2019__like-0297a2a569	task_timeout	timeout	outer_timeout	-	/data2/nfs/wangyingqi/Cyber-Zero/trajectories/ctfdojo_3traj_20260830_232646/traj_001/angstromctf2019__like-0297a2a569/enigma_output/attempt-20260831T095633328196-c1008d39/glm52_10__challenge__default_ctf__t-0.00__p-0.95__k-20__c-0.00__install-1/rev_like.traj	/data2/nfs/wangyingqi/Cyber-Zero/trajectories/ctfdojo_3traj_20260830_232646/traj_001/logs/angstromctf2019__like-0297a2a569.error.log
angstromctf2019__lithp-eca00f4b15	task_timeout	timeout	outer_timeout	-	/data2/nfs/wangyingqi/Cyber-Zero/trajectories/ctfdojo_3traj_20260830_232646/traj_001/angstromctf2019__lithp-eca00f4b15/enigma_output/attempt-20260831T095752127881-48f55bbd/glm52_10__challenge__default_ctf__t-0.00__p-0.95__k-20__c-0.00__install-1/misc_lithp.traj	/data2/nfs/wangyingqi/Cyber-Zero/trajectories/ctfdojo_3traj_20260830_232646/traj_001/logs/angstromctf2019__lithp-eca00f4b15.error.log
angstromctf2019__onebite-5d5969b1bc	task_timeout	timeout	outer_timeout	-	/data2/nfs/wangyingqi/Cyber-Zero/trajectories/ctfdojo_3traj_20260830_232646/traj_001/angstromctf2019__onebite-5d5969b1bc/enigma_output/attempt-20260831T100213744299-618bd856/glm52_10__challenge__default_ctf__t-0.00__p-0.95__k-20__c-0.00__install-1/rev_onebite.traj	/data2/nfs/wangyingqi/Cyber-Zero/trajectories/ctfdojo_3traj_20260830_232646/traj_001/logs/angstromctf2019__onebite-5d5969b1bc.error.log
angstromctf2019__overmybrain-aced06d6d4	task_timeout	timeout	outer_timeout	-	/data2/nfs/wangyingqi/Cyber-Zero/trajectories/ctfdojo_3traj_20260830_232646/traj_001/angstromctf2019__overmybrain-aced06d6d4/enigma_output/attempt-20260831T100726734460-cf1f3355/glm52_10__challenge__default_ctf__t-0.00__p-0.95__k-20__c-0.00__install-1/pwn_overmybrain.traj	/data2/nfs/wangyingqi/Cyber-Zero/trajectories/ctfdojo_3traj_20260830_232646/traj_001/logs/angstromctf2019__overmybrain-aced06d6d4.error.log
angstromctf2019__reallysecurealgorithm-8280fb4b86	task_timeout	timeout	outer_timeout	-	/data2/nfs/wangyingqi/Cyber-Zero/trajectories/ctfdojo_3traj_20260830_232646/traj_001/angstromctf2019__reallysecurealgorithm-8280fb4b86/enigma_output/attempt-20260831T102526770656-2fae1c0f/glm52_10__challenge__default_ctf__t-0.00__p-0.95__k-20__c-0.00__install-1/crypto_reallysecurealgorithm.traj	/data2/nfs/wangyingqi/Cyber-Zero/trajectories/ctfdojo_3traj_20260830_232646/traj_001/logs/angstromctf2019__reallysecurealgorithm-8280fb4b86.error.log
angstromctf2022__randomlysampledalgorithm-9535a36015	task_timeout	timeout	-	-	/data2/nfs/wangyingqi/Cyber-Zero/trajectories/ctfdojo_3traj_20260830_232646/traj_001/angstromctf2022__randomlysampledalgorithm-9535a36015/enigma_output/attempt-20260831T105216380982-3bd5f7d5/glm52_10__challenge__default_ctf__t-0.00__p-0.95__k-20__c-0.00__install-1/crypto_randomlysampledalgorithm.traj	-
angstromctf2022__reallyobnoxiousproblem-3318ac1619	task_timeout	timeout	outer_timeout	-	/data2/nfs/wangyingqi/Cyber-Zero/trajectories/ctfdojo_3traj_20260830_232646/traj_001/angstromctf2022__reallyobnoxiousproblem-3318ac1619/enigma_output/attempt-20260831T105639133423-67e45c4a/glm52_10__challenge__default_ctf__t-0.00__p-0.95__k-20__c-0.00__install-1/pwn_reallyobnoxiousproblem.traj	/data2/nfs/wangyingqi/Cyber-Zero/trajectories/ctfdojo_3traj_20260830_232646/traj_001/logs/angstromctf2022__reallyobnoxiousproblem-3318ac1619.error.log
angstromctf2022__shark1-8091d8e05a	task_timeout	timeout	outer_timeout	-	/data2/nfs/wangyingqi/Cyber-Zero/trajectories/ctfdojo_3traj_20260830_232646/traj_001/angstromctf2022__shark1-8091d8e05a/enigma_output/attempt-20260831T105758232622-b33af6ae/glm52_10__challenge__default_ctf__t-0.00__p-0.95__k-20__c-0.00__install-1/misc_shark1.traj	/data2/nfs/wangyingqi/Cyber-Zero/trajectories/ctfdojo_3traj_20260830_232646/traj_001/logs/angstromctf2022__shark1-8091d8e05a.error.log
angstromctf2022__uninspired-e9293d179b	task_timeout	timeout	outer_timeout	-	/data2/nfs/wangyingqi/Cyber-Zero/trajectories/ctfdojo_3traj_20260830_232646/traj_001/angstromctf2022__uninspired-e9293d179b/enigma_output/attempt-20260831T110150637994-532a17a6/glm52_10__challenge__default_ctf__t-0.00__p-0.95__k-20__c-0.00__install-1/rev_uninspired.traj	/data2/nfs/wangyingqi/Cyber-Zero/trajectories/ctfdojo_3traj_20260830_232646/traj_001/logs/angstromctf2022__uninspired-e9293d179b.error.log
angstromctf2024__awman-c5e3e16fcf	task_timeout	timeout	outer_timeout	-	/data2/nfs/wangyingqi/Cyber-Zero/trajectories/ctfdojo_3traj_20260830_232646/traj_001/angstromctf2024__awman-c5e3e16fcf/enigma_output/attempt-20260831T111502071254-de3cccad/glm52_10__challenge__default_ctf__t-0.00__p-0.95__k-20__c-0.00__install-1/crypto_awman.traj	/data2/nfs/wangyingqi/Cyber-Zero/trajectories/ctfdojo_3traj_20260830_232646/traj_001/logs/angstromctf2024__awman-c5e3e16fcf.error.log
angstromctf2024__bap-3ddcf49894	task_timeout	timeout	outer_timeout	-	/data2/nfs/wangyingqi/Cyber-Zero/trajectories/ctfdojo_3traj_20260830_232646/traj_001/angstromctf2024__bap-3ddcf49894/enigma_output/attempt-20260831T111527180202-ce0f22b0/glm52_10__challenge__default_ctf__t-0.00__p-0.95__k-20__c-0.00__install-1/pwn_bap.traj	/data2/nfs/wangyingqi/Cyber-Zero/trajectories/ctfdojo_3traj_20260830_232646/traj_001/logs/angstromctf2024__bap-3ddcf49894.error.log
angstromctf2024__heapify-8e4ecdb276	task_timeout	timeout	outer_timeout	-	/data2/nfs/wangyingqi/Cyber-Zero/trajectories/ctfdojo_3traj_20260830_232646/traj_001/angstromctf2024__heapify-8e4ecdb276/enigma_output/attempt-20260831T113746201304-66c4069c/glm52_10__challenge__default_ctf__t-0.00__p-0.95__k-20__c-0.00__install-1/pwn_heapify.traj	/data2/nfs/wangyingqi/Cyber-Zero/trajectories/ctfdojo_3traj_20260830_232646/traj_001/logs/angstromctf2024__heapify-8e4ecdb276.error.log
angstromctf2024__leftright-8a0c75647a	task_timeout	timeout	outer_timeout	-	/data2/nfs/wangyingqi/Cyber-Zero/trajectories/ctfdojo_3traj_20260830_232646/traj_001/angstromctf2024__leftright-8a0c75647a/enigma_output/attempt-20260831T115205269554-7b12a54f/glm52_10__challenge__default_ctf__t-0.00__p-0.95__k-20__c-0.00__install-1/pwn_leftright.traj	/data2/nfs/wangyingqi/Cyber-Zero/trajectories/ctfdojo_3traj_20260830_232646/traj_001/logs/angstromctf2024__leftright-8a0c75647a.error.log
angstromctf2024__philosophy-12b2af64e8	task_timeout	timeout	outer_timeout	-	/data2/nfs/wangyingqi/Cyber-Zero/trajectories/ctfdojo_3traj_20260830_232646/traj_001/angstromctf2024__philosophy-12b2af64e8/enigma_output/attempt-20260831T115804769276-a894284a/glm52_10__challenge__default_ctf__t-0.00__p-0.95__k-20__c-0.00__install-1/crypto_philosophy.traj	/data2/nfs/wangyingqi/Cyber-Zero/trajectories/ctfdojo_3traj_20260830_232646/traj_001/logs/angstromctf2024__philosophy-12b2af64e8.error.log
angstromctf2024__simonsays-54f8f99d05	task_timeout	timeout	-	-	/data2/nfs/wangyingqi/Cyber-Zero/trajectories/ctfdojo_3traj_20260830_232646/traj_001/angstromctf2024__simonsays-54f8f99d05/enigma_output/attempt-20260831T120157130297-da4f0d92/glm52_10__challenge__default_ctf__t-0.00__p-0.95__k-20__c-0.00__install-1/crypto_simonsays.traj	-
angstromctf2024__snowman-23583f447c	task_timeout	timeout	outer_timeout	-	/data2/nfs/wangyingqi/Cyber-Zero/trajectories/ctfdojo_3traj_20260830_232646/traj_001/angstromctf2024__snowman-23583f447c/enigma_output/attempt-20260831T121034207221-c90e42c0/glm52_10__challenge__default_ctf__t-0.00__p-0.95__k-20__c-0.00__install-1/misc_snowman.traj	/data2/nfs/wangyingqi/Cyber-Zero/trajectories/ctfdojo_3traj_20260830_232646/traj_001/logs/angstromctf2024__snowman-23583f447c.error.log
angstromctf2024__stacksort-612a330523	task_timeout	timeout	outer_timeout	-	/data2/nfs/wangyingqi/Cyber-Zero/trajectories/ctfdojo_3traj_20260830_232646/traj_001/angstromctf2024__stacksort-612a330523/enigma_output/attempt-20260831T121509077710-337687ff/glm52_10__challenge__default_ctf__t-0.00__p-0.95__k-20__c-0.00__install-1/pwn_stacksort.traj	/data2/nfs/wangyingqi/Cyber-Zero/trajectories/ctfdojo_3traj_20260830_232646/traj_001/logs/angstromctf2024__stacksort-612a330523.error.log
angstromctf2024__themectl-842437a7ba	task_timeout	timeout	outer_timeout	-	/data2/nfs/wangyingqi/Cyber-Zero/trajectories/ctfdojo_3traj_20260830_232646/traj_001/angstromctf2024__themectl-842437a7ba/enigma_output/attempt-20260831T121532804296-bb1e082b/glm52_10__challenge__default_ctf__t-0.00__p-0.95__k-20__c-0.00__install-1/pwn_themectl.traj	/data2/nfs/wangyingqi/Cyber-Zero/trajectories/ctfdojo_3traj_20260830_232646/traj_001/logs/angstromctf2024__themectl-842437a7ba.error.log
asisctf2013__dice-9a740c2fe7	task_timeout	timeout	outer_timeout	-	/data2/nfs/wangyingqi/Cyber-Zero/trajectories/ctfdojo_3traj_20260830_232646/traj_001/asisctf2013__dice-9a740c2fe7/enigma_output/attempt-20260831T125302117952-358482ce/glm52_10__challenge__default_ctf__t-0.00__p-0.95__k-20__c-0.00__install-1/rev_dice.traj	/data2/nfs/wangyingqi/Cyber-Zero/trajectories/ctfdojo_3traj_20260830_232646/traj_001/logs/asisctf2013__dice-9a740c2fe7.error.log
asisctf2013__memdump-9eb9d41460	task_timeout	timeout	outer_timeout	-	/data2/nfs/wangyingqi/Cyber-Zero/trajectories/ctfdojo_3traj_20260830_232646/traj_001/asisctf2013__memdump-9eb9d41460/enigma_output/attempt-20260831T130853181239-3f44919e/glm52_10__challenge__default_ctf__t-0.00__p-0.95__k-20__c-0.00__install-1/forensics_memdump.traj	/data2/nfs/wangyingqi/Cyber-Zero/trajectories/ctfdojo_3traj_20260830_232646/traj_001/logs/asisctf2013__memdump-9eb9d41460.error.log
asisctf2013__pcaps-8854d61f48	task_timeout	timeout	outer_timeout	-	/data2/nfs/wangyingqi/Cyber-Zero/trajectories/ctfdojo_3traj_20260830_232646/traj_001/asisctf2013__pcaps-8854d61f48/enigma_output/attempt-20260831T131041007070-53de812f/glm52_10__challenge__default_ctf__t-0.00__p-0.95__k-20__c-0.00__install-1/crypto_pcaps.traj	/data2/nfs/wangyingqi/Cyber-Zero/trajectories/ctfdojo_3traj_20260830_232646/traj_001/logs/asisctf2013__pcaps-8854d61f48.error.log
asisctf2013__serialnumber-5427bfd18f	task_timeout	timeout	outer_timeout	-	/data2/nfs/wangyingqi/Cyber-Zero/trajectories/ctfdojo_3traj_20260830_232646/traj_001/asisctf2013__serialnumber-5427bfd18f/enigma_output/attempt-20260831T131356839092-6ad3636c/glm52_10__challenge__default_ctf__t-0.00__p-0.95__k-20__c-0.00__install-1/rev_serialnumber.traj	/data2/nfs/wangyingqi/Cyber-Zero/trajectories/ctfdojo_3traj_20260830_232646/traj_001/logs/asisctf2013__serialnumber-5427bfd18f.error.log
asisctf2013__simpleofficer-59f455959e	task_timeout	timeout	-	-	/data2/nfs/wangyingqi/Cyber-Zero/trajectories/ctfdojo_3traj_20260830_232646/traj_001/asisctf2013__simpleofficer-59f455959e/enigma_output/attempt-20260831T131515751236-c81c0a58/glm52_10__challenge__default_ctf__t-0.00__p-0.95__k-20__c-0.00__install-1/crypto_simpleofficer.traj	-
asisctf2014__blocks-177567da78	task_timeout	timeout	outer_timeout	-	/data2/nfs/wangyingqi/Cyber-Zero/trajectories/ctfdojo_3traj_20260830_232646/traj_001/asisctf2014__blocks-177567da78/enigma_output/attempt-20260831T131538999430-d089eb5b/glm52_10__challenge__default_ctf__t-0.00__p-0.95__k-20__c-0.00__install-1/forensics_blocks.traj	/data2/nfs/wangyingqi/Cyber-Zero/trajectories/ctfdojo_3traj_20260830_232646/traj_001/logs/asisctf2014__blocks-177567da78.error.log
asisctf2014__randomimage-343c139fc3	task_timeout	timeout	-	-	/data2/nfs/wangyingqi/Cyber-Zero/trajectories/ctfdojo_3traj_20260830_232646/traj_001/asisctf2014__randomimage-343c139fc3/enigma_output/attempt-20260831T133551679358-284e500f/glm52_10__challenge__default_ctf__t-0.00__p-0.95__k-20__c-0.00__install-1/crypto_randomimage.traj	-
backdoorctf2019__babyheapbackdoorctf-55394c351a	task_timeout	timeout	outer_timeout	-	/data2/nfs/wangyingqi/Cyber-Zero/trajectories/ctfdojo_3traj_20260830_232646/traj_001/backdoorctf2019__babyheapbackdoorctf-55394c351a/enigma_output/attempt-20260831T134504547954-da9ec075/glm52_10__challenge__default_ctf__t-0.00__p-0.95__k-20__c-0.00__install-1/pwn_babyheapbackdoorctf.traj	/data2/nfs/wangyingqi/Cyber-Zero/trajectories/ctfdojo_3traj_20260830_232646/traj_001/logs/backdoorctf2019__babyheapbackdoorctf-55394c351a.error.log
backdoorctf2019__babytcache-e47930fae9	task_timeout	timeout	outer_timeout	-	/data2/nfs/wangyingqi/Cyber-Zero/trajectories/ctfdojo_3traj_20260830_232646/traj_001/backdoorctf2019__babytcache-e47930fae9/enigma_output/attempt-20260831T135309314854-c73f88c7/glm52_10__challenge__default_ctf__t-0.00__p-0.95__k-20__c-0.00__install-1/pwn_babytcache.traj	/data2/nfs/wangyingqi/Cyber-Zero/trajectories/ctfdojo_3traj_20260830_232646/traj_001/logs/backdoorctf2019__babytcache-e47930fae9.error.log
backdoorctf2019__forgot-00873c4f8a	task_timeout	timeout	outer_timeout	-	/data2/nfs/wangyingqi/Cyber-Zero/trajectories/ctfdojo_3traj_20260830_232646/traj_001/backdoorctf2019__forgot-00873c4f8a/enigma_output/attempt-20260831T141048590151-53f0c75f/glm52_10__challenge__default_ctf__t-0.00__p-0.95__k-20__c-0.00__install-1/pwn_forgot.traj	/data2/nfs/wangyingqi/Cyber-Zero/trajectories/ctfdojo_3traj_20260830_232646/traj_001/logs/backdoorctf2019__forgot-00873c4f8a.error.log
backdoorctf2019__rsanne-9747e3d8d2	task_timeout	timeout	outer_timeout	-	/data2/nfs/wangyingqi/Cyber-Zero/trajectories/ctfdojo_3traj_20260830_232646/traj_001/backdoorctf2019__rsanne-9747e3d8d2/enigma_output/attempt-20260831T141545634480-5f7626f1/glm52_10__challenge__default_ctf__t-0.00__p-0.95__k-20__c-0.00__install-1/crypto_rsanne.traj	/data2/nfs/wangyingqi/Cyber-Zero/trajectories/ctfdojo_3traj_20260830_232646/traj_001/logs/backdoorctf2019__rsanne-9747e3d8d2.error.log
backdoorctf2019__team-d0832c1f18	task_timeout	timeout	outer_timeout	-	/data2/nfs/wangyingqi/Cyber-Zero/trajectories/ctfdojo_3traj_20260830_232646/traj_001/backdoorctf2019__team-d0832c1f18/enigma_output/attempt-20260831T143539528887-83585944/glm52_10__challenge__default_ctf__t-0.00__p-0.95__k-20__c-0.00__install-1/pwn_team.traj	/data2/nfs/wangyingqi/Cyber-Zero/trajectories/ctfdojo_3traj_20260830_232646/traj_001/logs/backdoorctf2019__team-d0832c1f18.error.log
boilers2026__badyuri-38b166a755	task_timeout	timeout	outer_timeout	-	/data2/nfs/wangyingqi/Cyber-Zero/trajectories/ctfdojo_3traj_20260830_232646/traj_001/boilers2026__badyuri-38b166a755/enigma_output/attempt-20260831T143752550208-7123a84c/glm52_10__challenge__default_ctf__t-0.00__p-0.95__k-20__c-0.00__install-1/misc_badyuri.traj	/data2/nfs/wangyingqi/Cyber-Zero/trajectories/ctfdojo_3traj_20260830_232646/traj_001/logs/boilers2026__badyuri-38b166a755.error.log
boilers2026__bike-9f39487a81	task_timeout	timeout	-	-	/data2/nfs/wangyingqi/Cyber-Zero/trajectories/ctfdojo_3traj_20260830_232646/traj_001/boilers2026__bike-9f39487a81/enigma_output/attempt-20260831T144512485058-8733eb8b/glm52_10__challenge__default_ctf__t-0.00__p-0.95__k-20__c-0.00__install-1/rev_bike.traj	-
boilers2026__transmutation-c701b08d06	task_timeout	timeout	outer_timeout	-	/data2/nfs/wangyingqi/Cyber-Zero/trajectories/ctfdojo_3traj_20260830_232646/traj_001/boilers2026__transmutation-c701b08d06/enigma_output/attempt-20260831T145926373036-cb9f8991/glm52_10__challenge__default_ctf__t-0.00__p-0.95__k-20__c-0.00__install-1/pwn_transmutation.traj	/data2/nfs/wangyingqi/Cyber-Zero/trajectories/ctfdojo_3traj_20260830_232646/traj_001/logs/boilers2026__transmutation-c701b08d06.error.log
breakthesyntaxctf2026__crabuoros-5b0d9c15aa	task_timeout	timeout	outer_timeout	-	/data2/nfs/wangyingqi/Cyber-Zero/trajectories/ctfdojo_3traj_20260830_232646/traj_001/breakthesyntaxctf2026__crabuoros-5b0d9c15aa/enigma_output/attempt-20260831T152016295083-74aaedac/glm52_10__challenge__default_ctf__t-0.00__p-0.95__k-20__c-0.00__install-1/rev_crabuoros.traj	/data2/nfs/wangyingqi/Cyber-Zero/trajectories/ctfdojo_3traj_20260830_232646/traj_001/logs/breakthesyntaxctf2026__crabuoros-5b0d9c15aa.error.log
breakthesyntaxctf2026__my-first-game-d80a8ca24f	task_timeout	timeout	-	-	/data2/nfs/wangyingqi/Cyber-Zero/trajectories/ctfdojo_3traj_20260830_232646/traj_001/breakthesyntaxctf2026__my-first-game-d80a8ca24f/enigma_output/attempt-20260831T152600010584-a2ce2ecd/glm52_10__challenge__default_ctf__t-0.00__p-0.95__k-20__c-0.00__install-1/rev_myfirstgame.traj	-
breakthesyntaxctf2026__poni-barn-60c05f3343	task_timeout	timeout	outer_timeout	-	/data2/nfs/wangyingqi/Cyber-Zero/trajectories/ctfdojo_3traj_20260830_232646/traj_001/breakthesyntaxctf2026__poni-barn-60c05f3343/enigma_output/attempt-20260831T152924504955-a7ba7229/glm52_10__challenge__default_ctf__t-0.00__p-0.95__k-20__c-0.00__install-1/pwn_ponibarn.traj	/data2/nfs/wangyingqi/Cyber-Zero/trajectories/ctfdojo_3traj_20260830_232646/traj_001/logs/breakthesyntaxctf2026__poni-barn-60c05f3343.error.log
breakthesyntaxctf2026__stepping-stones-c406728619	task_timeout	timeout	outer_timeout	-	/data2/nfs/wangyingqi/Cyber-Zero/trajectories/ctfdojo_3traj_20260830_232646/traj_001/breakthesyntaxctf2026__stepping-stones-c406728619/enigma_output/attempt-20260831T153845574509-3b464ca4/glm52_10__challenge__default_ctf__t-0.00__p-0.95__k-20__c-0.00__install-1/rev_steppingstones.traj	/data2/nfs/wangyingqi/Cyber-Zero/trajectories/ctfdojo_3traj_20260830_232646/traj_001/logs/breakthesyntaxctf2026__stepping-stones-c406728619.error.log
byuctf2022__ballgame-bd92ed527e	task_timeout	timeout	outer_timeout	-	/data2/nfs/wangyingqi/Cyber-Zero/trajectories/ctfdojo_3traj_20260830_232646/traj_001/byuctf2022__ballgame-bd92ed527e/enigma_output/attempt-20260831T155935538812-90011f6a/glm52_10__challenge__default_ctf__t-0.00__p-0.95__k-20__c-0.00__install-1/crypto_ballgame.traj	/data2/nfs/wangyingqi/Cyber-Zero/trajectories/ctfdojo_3traj_20260830_232646/traj_001/logs/byuctf2022__ballgame-bd92ed527e.error.log
byuctf2022__basicrev-c8b2d7e12e	task_timeout	timeout	outer_timeout	-	/data2/nfs/wangyingqi/Cyber-Zero/trajectories/ctfdojo_3traj_20260830_232646/traj_001/byuctf2022__basicrev-c8b2d7e12e/enigma_output/attempt-20260831T160632490206-872794e3/glm52_10__challenge__default_ctf__t-0.00__p-0.95__k-20__c-0.00__install-1/rev_basicrev.traj	/data2/nfs/wangyingqi/Cyber-Zero/trajectories/ctfdojo_3traj_20260830_232646/traj_001/logs/byuctf2022__basicrev-c8b2d7e12e.error.log
byuctf2022__blue-3d3e778caf	task_timeout	timeout	outer_timeout	-	/data2/nfs/wangyingqi/Cyber-Zero/trajectories/ctfdojo_3traj_20260830_232646/traj_001/byuctf2022__blue-3d3e778caf/enigma_output/attempt-20260831T160647051095-4bd84a6d/glm52_10__challenge__default_ctf__t-0.00__p-0.95__k-20__c-0.00__install-1/forensics_blue.traj	/data2/nfs/wangyingqi/Cyber-Zero/trajectories/ctfdojo_3traj_20260830_232646/traj_001/logs/byuctf2022__blue-3d3e778caf.error.log
byuctf2022__chicken-bfa1d7b5c8	task_timeout	timeout	outer_timeout	-	/data2/nfs/wangyingqi/Cyber-Zero/trajectories/ctfdojo_3traj_20260830_232646/traj_001/byuctf2022__chicken-bfa1d7b5c8/enigma_output/attempt-20260831T162024858819-2f44306b/glm52_10__challenge__default_ctf__t-0.00__p-0.95__k-20__c-0.00__install-1/rev_chicken.traj	/data2/nfs/wangyingqi/Cyber-Zero/trajectories/ctfdojo_3traj_20260830_232646/traj_001/logs/byuctf2022__chicken-bfa1d7b5c8.error.log
byuctf2022__funfact-e5f934f3a4	task_timeout	timeout	outer_timeout	-	/data2/nfs/wangyingqi/Cyber-Zero/trajectories/ctfdojo_3traj_20260830_232646/traj_001/byuctf2022__funfact-e5f934f3a4/enigma_output/attempt-20260831T162549034475-358a6a52/glm52_10__challenge__default_ctf__t-0.00__p-0.95__k-20__c-0.00__install-1/rev_funfact.traj	/data2/nfs/wangyingqi/Cyber-Zero/trajectories/ctfdojo_3traj_20260830_232646/traj_001/logs/byuctf2022__funfact-e5f934f3a4.error.log
byuctf2022__shift-f1a1895471	task_timeout	timeout	outer_timeout	-	/data2/nfs/wangyingqi/Cyber-Zero/trajectories/ctfdojo_3traj_20260830_232646/traj_001/byuctf2022__shift-f1a1895471/enigma_output/attempt-20260831T163854378886-53c1cb08/glm52_10__challenge__default_ctf__t-0.00__p-0.95__k-20__c-0.00__install-1/crypto_shift.traj	/data2/nfs/wangyingqi/Cyber-Zero/trajectories/ctfdojo_3traj_20260830_232646/traj_001/logs/byuctf2022__shift-f1a1895471.error.log
byuctf2022__truth-4b851ce914	task_timeout	timeout	outer_timeout	-	/data2/nfs/wangyingqi/Cyber-Zero/trajectories/ctfdojo_3traj_20260830_232646/traj_001/byuctf2022__truth-4b851ce914/enigma_output/attempt-20260831T164718182817-a1829077/glm52_10__challenge__default_ctf__t-0.00__p-0.95__k-20__c-0.00__install-1/crypto_truth.traj	/data2/nfs/wangyingqi/Cyber-Zero/trajectories/ctfdojo_3traj_20260830_232646/traj_001/logs/byuctf2022__truth-4b851ce914.error.log
byuctf2023__hexadecalingo-367ffeeab2	task_timeout	timeout	outer_timeout	-	/data2/nfs/wangyingqi/Cyber-Zero/trajectories/ctfdojo_3traj_20260830_232646/traj_001/byuctf2023__hexadecalingo-367ffeeab2/enigma_output/attempt-20260831T165944271955-034f73d5/glm52_10__challenge__default_ctf__t-0.00__p-0.95__k-20__c-0.00__install-1/misc_hexadecalingo.traj	/data2/nfs/wangyingqi/Cyber-Zero/trajectories/ctfdojo_3traj_20260830_232646/traj_001/logs/byuctf2023__hexadecalingo-367ffeeab2.error.log
byuctf2023__rsa1-dd8a52608a	task_timeout	timeout	outer_timeout	-	/data2/nfs/wangyingqi/Cyber-Zero/trajectories/ctfdojo_3traj_20260830_232646/traj_001/byuctf2023__rsa1-dd8a52608a/enigma_output/attempt-20260831T170850500558-98e35a2b/glm52_10__challenge__default_ctf__t-0.00__p-0.95__k-20__c-0.00__install-1/crypto_rsa1.traj	/data2/nfs/wangyingqi/Cyber-Zero/trajectories/ctfdojo_3traj_20260830_232646/traj_001/logs/byuctf2023__rsa1-dd8a52608a.error.log
byuctf2023__rsa3-ecd24f17a7	task_timeout	timeout	outer_timeout	-	/data2/nfs/wangyingqi/Cyber-Zero/trajectories/ctfdojo_3traj_20260830_232646/traj_001/byuctf2023__rsa3-ecd24f17a7/enigma_output/attempt-20260831T171454691719-8b7c2ee1/glm52_10__challenge__default_ctf__t-0.00__p-0.95__k-20__c-0.00__install-1/crypto_rsa3.traj	/data2/nfs/wangyingqi/Cyber-Zero/trajectories/ctfdojo_3traj_20260830_232646/traj_001/logs/byuctf2023__rsa3-ecd24f17a7.error.log
byuctf2023__rsa4-00e9ffca72	task_timeout	timeout	outer_timeout	-	/data2/nfs/wangyingqi/Cyber-Zero/trajectories/ctfdojo_3traj_20260830_232646/traj_001/byuctf2023__rsa4-00e9ffca72/enigma_output/attempt-20260831T171547939439-e1c429fc/glm52_10__challenge__default_ctf__t-0.00__p-0.95__k-20__c-0.00__install-1/crypto_rsa4.traj	/data2/nfs/wangyingqi/Cyber-Zero/trajectories/ctfdojo_3traj_20260830_232646/traj_001/logs/byuctf2023__rsa4-00e9ffca72.error.log
